wmc,dit,noc,cbo,rfc,lcom,ca,ce,npm,lcom3,loc,dam,moa,mfa,cam,ic,cbm,amc,max_cc,avg_cc,buggy,Accuracy_Pred,Accuracy_Pred_Prob,FMeasure_Pred,FMeasure_Pred_Prob,GMean_Pred,GMean_Pred_Prob,Function to be selected
28.0,1.0,0.0,32.0,82.0,374.0,26.0,7.0,24.0,1.012346,926.0,0.166667,0.0,0.0,0.226337,0.0,0.0,31.642857,23.0,2.6786,True,True,0.7,True,0.7,True,0.9,FMeasure
6.0,1.0,2.0,3.0,7.0,3.0,2.0,1.0,4.0,0.6,36.0,1.0,0.0,0.0,0.444444,0.0,0.0,4.666667,1.0,0.6667,False,False,0.1,False,0.0,False,0.1,FMeasure
4.0,2.0,0.0,5.0,6.0,4.0,1.0,4.0,2.0,0.666667,21.0,1.0,1.0,0.5,0.5,0.0,0.0,4.0,1.0,0.5,False,False,0.0,False,0.0,False,0.0,FMeasure
4.0,1.0,0.0,9.0,4.0,6.0,9.0,0.0,4.0,2.0,4.0,0.0,0.0,0.0,0.666667,0.0,0.0,0.0,1.0,1.0,False,True,0.8,True,0.9,False,0.5,GMean
1.0,1.0,0.0,8.0,1.0,0.0,6.0,2.0,1.0,2.0,1.0,0.0,0.0,0.0,1.0,0.0,0.0,0.0,1.0,1.0,False,False,0.0,False,0.0,False,0.0,FMeasure
23.0,2.0,0.0,150.0,67.0,235.0,147.0,5.0,20.0,0.852273,653.0,0.75,1.0,0.28,0.280303,1.0,1.0,26.869565,9.0,1.8696,True,True,0.7,False,0.4,False,0.2,Accuracy
5.0,1.0,0.0,8.0,26.0,0.0,1.0,7.0,4.0,0.625,127.0,1.0,2.0,0.0,0.314286,0.0,0.0,23.6,4.0,1.6,False,False,0.1,False,0.1,False,0.1,FMeasure
25.0,4.0,0.0,18.0,73.0,200.0,1.0,0.0,18.0,0.854167,666.0,1.0,0.0,0.736264,0.38,0.0,0.0,25.32,13.0,1.92,True,True,0.7,False,0.5,False,0.1,Accuracy
7.0,1.0,0.0,2.0,13.0,0.0,1.0,1.0,7.0,0.694444,86.0,1.0,0.0,0.0,0.571429,0.0,0.0,10.428571,1.0,0.8571,False,False,0.0,False,0.0,False,0.0,FMeasure
21.0,1.0,0.0,7.0,22.0,154.0,5.0,2.0,21.0,0.905,141.0,1.0,2.0,0.0,0.184524,0.0,0.0,5.238095,1.0,0.9524,False,False,0.1,False,0.3,False,0.3,FMeasure
2.0,2.0,0.0,2.0,4.0,1.0,1.0,1.0,2.0,2.0,11.0,0.0,0.0,0.666667,0.666667,1.0,1.0,4.5,1.0,0.5,False,False,0.0,False,0.0,False,0.0,FMeasure
8.0,1.0,0.0,10.0,21.0,28.0,5.0,5.0,7.0,2.0,130.0,0.0,0.0,0.0,0.3125,0.0,0.0,15.25,5.0,2.625,False,False,0.1,False,0.1,False,0.2,FMeasure
32.0,4.0,0.0,16.0,81.0,406.0,2.0,0.0,27.0,0.925558,504.0,1.0,0.0,0.683673,0.3,1.0,3.0,14.34375,1.0,0.9688,False,False,0.3,False,0.0,False,0.1,FMeasure
13.0,1.0,2.0,4.0,44.0,70.0,2.0,2.0,9.0,0.833333,208.0,1.0,0.0,0.0,0.5625,0.0,0.0,14.846154,1.0,0.8462,False,False,0.4,False,0.1,False,0.2,FMeasure
19.0,1.0,0.0,8.0,42.0,99.0,2.0,7.0,3.0,0.7888890000000001,329.0,1.0,1.0,0.0,0.263158,0.0,0.0,16.052632,5.0,1.5789,True,False,0.2,False,0.0,True,0.7,GMean
2.0,1.0,0.0,6.0,21.0,1.0,3.0,3.0,1.0,2.0,144.0,0.0,0.0,0.0,0.5,0.0,0.0,71.0,10.0,5.0,False,False,0.1,False,0.0,False,0.0,FMeasure
1.0,1.0,0.0,4.0,1.0,0.0,2.0,2.0,1.0,2.0,1.0,0.0,0.0,0.0,1.0,0.0,0.0,0.0,1.0,1.0,False,False,0.0,False,0.0,False,0.0,FMeasure
25.0,1.0,0.0,10.0,58.0,234.0,6.0,4.0,23.0,0.591667,257.0,1.0,1.0,0.0,0.32,0.0,0.0,9.08,2.0,1.16,False,False,0.1,False,0.0,False,0.0,FMeasure
8.0,1.0,0.0,12.0,29.0,0.0,7.0,5.0,8.0,0.0,126.0,1.0,1.0,0.0,0.416667,0.0,0.0,14.625,1.0,0.875,False,False,0.2,False,0.0,False,0.1,FMeasure
5.0,1.0,1.0,26.0,11.0,0.0,24.0,2.0,5.0,0.375,41.0,1.0,1.0,0.0,0.466667,0.0,0.0,6.8,1.0,0.8,False,False,0.0,False,0.0,False,0.4,FMeasure
3.0,1.0,2.0,7.0,8.0,3.0,7.0,0.0,3.0,2.0,34.0,0.0,0.0,0.0,0.777778,0.0,0.0,10.333333,1.0,0.6667,False,False,0.0,False,0.0,False,0.0,FMeasure
4.0,3.0,0.0,6.0,10.0,4.0,1.0,5.0,1.0,0.666667,27.0,1.0,1.0,0.714286,0.5,1.0,1.0,5.5,1.0,0.5,False,False,0.0,False,0.0,False,0.0,FMeasure
5.0,1.0,1.0,6.0,6.0,0.0,5.0,1.0,5.0,0.5,32.0,1.0,1.0,0.0,0.466667,0.0,0.0,5.0,1.0,0.8,False,True,0.6,False,0.0,False,0.4,FMeasure
2.0,1.0,0.0,4.0,3.0,1.0,4.0,1.0,1.0,1.0,8.0,0.0,1.0,0.0,1.0,0.0,0.0,2.5,1.0,0.5,False,False,0.0,False,0.0,False,0.0,FMeasure
1.0,1.0,0.0,4.0,1.0,0.0,3.0,1.0,1.0,2.0,1.0,0.0,0.0,0.0,1.0,0.0,0.0,0.0,1.0,1.0,False,False,0.0,False,0.0,False,0.0,FMeasure
10.0,1.0,0.0,27.0,19.0,15.0,25.0,2.0,10.0,0.755556,138.0,1.0,1.0,0.0,0.233333,1.0,1.0,12.3,6.0,1.9,False,False,0.3,False,0.0,False,0.0,FMeasure
12.0,5.0,0.0,3.0,25.0,66.0,0.0,0.0,12.0,2.0,67.0,0.0,0.0,0.938889,0.472222,1.0,1.0,4.5833330000000005,1.0,0.9167,False,False,0.5,False,0.3,True,0.6,FMeasure
5.0,1.0,0.0,14.0,21.0,0.0,11.0,3.0,5.0,0.0,75.0,1.0,0.0,0.0,0.4,0.0,0.0,13.8,2.0,1.0,False,False,0.3,False,0.0,False,0.2,FMeasure
54.0,2.0,0.0,17.0,137.0,1241.0,7.0,0.0,16.0,0.943951,1589.0,1.0,1.0,0.277778,0.205451,0.0,0.0,27.796296,5.0,1.2037,False,False,0.4,True,0.8,True,0.8,Accuracy
5.0,3.0,0.0,4.0,9.0,2.0,1.0,3.0,5.0,0.85,61.0,0.8,0.0,0.777778,0.333333,0.0,0.0,10.2,1.0,0.8,False,False,0.0,False,0.0,False,0.1,FMeasure
37.0,6.0,0.0,26.0,120.0,570.0,2.0,26.0,24.0,0.848765,1123.0,0.666667,0.0,0.8252430000000001,0.12012,4.0,18.0,29.108108,9.0,2.5676,True,True,0.6,False,0.4,True,0.8,FMeasure
10.0,1.0,3.0,9.0,15.0,29.0,3.0,6.0,8.0,0.777778,67.0,1.0,1.0,0.0,0.65,0.0,0.0,5.3,2.0,1.0,False,False,0.1,False,0.0,False,0.0,FMeasure
8.0,2.0,0.0,6.0,32.0,20.0,0.0,6.0,4.0,0.5,221.0,1.0,0.0,0.461538,0.4,0.0,0.0,26.375,5.0,2.0,False,False,0.1,False,0.1,False,0.1,FMeasure
2.0,2.0,2.0,4.0,5.0,0.0,2.0,2.0,1.0,0.0,19.0,1.0,1.0,0.923077,0.625,0.0,0.0,8.0,1.0,0.5,False,False,0.0,False,0.0,False,0.0,FMeasure
20.0,1.0,0.0,8.0,29.0,108.0,5.0,3.0,20.0,0.809211,188.0,1.0,1.0,0.0,0.235714,0.0,0.0,8.0,1.0,0.9,False,False,0.3,False,0.1,False,0.2,FMeasure
3.0,1.0,2.0,3.0,4.0,1.0,2.0,1.0,2.0,0.0,16.0,1.0,0.0,0.0,0.666667,0.0,0.0,4.0,1.0,0.6667,False,False,0.0,False,0.0,False,0.0,FMeasure
3.0,1.0,0.0,9.0,23.0,0.0,1.0,8.0,2.0,0.0,125.0,1.0,2.0,0.0,0.444444,0.0,0.0,39.666667,1.0,0.6667,False,False,0.1,False,0.0,False,0.0,FMeasure
8.0,1.0,0.0,32.0,104.0,8.0,4.0,29.0,3.0,0.809524,955.0,1.0,2.0,0.0,0.3125,0.0,0.0,118.0,4.0,1.5,True,False,0.0,False,0.5,False,0.4,FMeasure
8.0,2.0,0.0,16.0,52.0,16.0,2.0,0.0,5.0,0.666667,336.0,1.0,1.0,0.740741,0.46875,1.0,1.0,40.625,2.0,1.0,False,False,0.5,False,0.5,True,0.6,FMeasure
7.0,3.0,0.0,5.0,20.0,9.0,3.0,4.0,5.0,0.733333,110.0,1.0,0.0,0.583333,0.333333,0.0,0.0,14.0,3.0,1.0,False,False,0.0,False,0.4,False,0.1,FMeasure
3.0,5.0,2.0,16.0,38.0,3.0,2.0,0.0,1.0,2.0,159.0,0.0,0.0,0.981132,1.0,0.0,0.0,52.0,1.0,0.6667,False,False,0.0,False,0.0,False,0.0,FMeasure
5.0,6.0,0.0,6.0,24.0,2.0,0.0,0.0,5.0,0.625,88.0,1.0,0.0,0.963636,0.7,2.0,2.0,16.2,1.0,0.8,False,False,0.0,False,0.0,False,0.0,FMeasure
9.0,3.0,0.0,20.0,71.0,36.0,1.0,20.0,5.0,2.0,476.0,0.0,0.0,0.631579,0.296296,0.0,0.0,51.888889,9.0,3.1111,False,False,0.4,False,0.2,False,0.4,FMeasure
16.0,1.0,0.0,27.0,123.0,120.0,5.0,23.0,2.0,2.0,1851.0,0.0,0.0,0.0,0.204545,0.0,0.0,114.6875,20.0,5.9375,False,False,0.4,False,0.3,True,0.7,FMeasure
4.0,1.0,0.0,5.0,22.0,6.0,3.0,2.0,3.0,2.0,100.0,0.0,0.0,0.0,0.416667,0.0,0.0,24.0,3.0,2.0,False,False,0.1,False,0.1,False,0.2,FMeasure
23.0,5.0,1.0,10.0,74.0,189.0,1.0,9.0,14.0,0.806818,608.0,1.0,0.0,0.889474,0.233766,3.0,4.0,25.086957,8.0,1.5652,False,False,0.3,False,0.2,False,0.3,FMeasure
7.0,1.0,0.0,7.0,34.0,15.0,1.0,6.0,2.0,0.75,288.0,0.5,1.0,0.0,0.333333,0.0,0.0,39.857143,5.0,1.5714,False,False,0.1,True,0.8,False,0.0,FMeasure
10.0,4.0,0.0,10.0,38.0,3.0,1.0,0.0,9.0,0.666667,207.0,1.0,0.0,0.8815790000000001,0.65,1.0,1.0,19.3,2.0,1.0,False,False,0.0,False,0.0,False,0.0,FMeasure
3.0,2.0,0.0,4.0,19.0,0.0,1.0,3.0,3.0,0.0,57.0,1.0,0.0,0.75,0.5,0.0,0.0,17.666667,2.0,1.0,False,False,0.0,False,0.0,False,0.0,FMeasure
1.0,1.0,0.0,5.0,1.0,0.0,3.0,2.0,1.0,2.0,1.0,0.0,0.0,0.0,1.0,0.0,0.0,0.0,1.0,1.0,False,False,0.0,False,0.0,False,0.0,FMeasure
11.0,1.0,0.0,4.0,25.0,23.0,3.0,1.0,7.0,0.766667,215.0,1.0,0.0,0.0,0.242424,0.0,0.0,18.0,3.0,1.0909,False,False,0.1,False,0.0,False,0.0,FMeasure
4.0,1.0,0.0,2.0,6.0,6.0,1.0,1.0,3.0,1.0,23.0,0.0,1.0,0.0,0.666667,0.0,0.0,4.5,2.0,0.75,False,False,0.0,False,0.0,False,0.03333333333333333,FMeasure
11.0,1.0,0.0,2.0,15.0,17.0,2.0,0.0,11.0,0.725,95.0,1.0,0.0,0.0,0.727273,0.0,0.0,7.2727270000000015,2.0,0.9091,False,False,0.0,False,0.1,False,0.0,FMeasure
18.0,1.0,0.0,23.0,83.0,151.0,18.0,5.0,15.0,0.970588,638.0,1.0,0.0,0.0,0.194118,0.0,0.0,34.333333,5.0,1.5556,False,True,0.6,False,0.1,False,0.1,FMeasure
11.0,5.0,2.0,7.0,27.0,49.0,2.0,0.0,10.0,0.8,85.0,1.0,0.0,0.944134,0.345455,2.0,2.0,6.636364,2.0,1.0,False,False,0.1,False,0.2,False,0.5,FMeasure
4.0,2.0,0.0,4.0,13.0,0.0,1.0,0.0,3.0,0.333333,41.0,1.0,1.0,0.8125,0.583333,1.0,2.0,9.0,1.0,0.75,False,False,0.0,False,0.0,False,0.0,FMeasure
12.0,2.0,0.0,7.0,29.0,30.0,2.0,5.0,11.0,0.757576,171.0,1.0,1.0,0.388889,0.25,1.0,1.0,12.75,2.0,1.1667,False,False,0.1,False,0.1,False,0.0,FMeasure
5.0,5.0,0.0,6.0,15.0,10.0,3.0,3.0,5.0,2.0,48.0,0.0,0.0,1.0,0.5,0.0,0.0,8.6,0.0,0.0,False,False,0.0,False,0.0,False,0.2,FMeasure
35.0,4.0,0.0,16.0,103.0,429.0,0.0,0.0,28.0,0.8941180000000001,824.0,0.933333,1.0,0.663366,0.314286,2.0,4.0,22.114286,2.0,1.0,True,False,0.2,False,0.4,True,0.6,GMean
11.0,1.0,0.0,6.0,19.0,1.0,5.0,2.0,11.0,0.45,67.0,1.0,1.0,0.0,0.318182,0.0,0.0,4.909091,1.0,0.9091,False,False,0.1,False,0.0,False,0.0,FMeasure
74.0,1.0,0.0,40.0,190.0,2181.0,13.0,30.0,72.0,0.882991,1443.0,1.0,8.0,0.0,0.06756799999999999,0.0,0.0,18.175676,6.0,1.4189,True,False,0.5,True,0.9,True,0.7,FMeasure
9.0,2.0,0.0,19.0,39.0,34.0,8.0,13.0,5.0,0.9375,178.0,0.5,1.0,0.3,0.328125,1.0,1.0,18.555556,1.0,0.7778,True,False,0.1,False,0.2,False,0.4,FMeasure
13.0,1.0,7.0,28.0,37.0,44.0,23.0,6.0,6.0,0.555556,172.0,1.0,1.0,0.0,0.201923,1.0,1.0,12.0,5.0,1.2308,False,False,0.0,False,0.0,False,0.1,FMeasure
5.0,1.0,1.0,3.0,13.0,4.0,1.0,2.0,5.0,0.5,48.0,1.0,0.0,0.0,0.4,0.0,0.0,8.4,3.0,1.2,False,False,0.1,False,0.1,False,0.0,FMeasure
4.0,1.0,0.0,11.0,17.0,4.0,8.0,3.0,2.0,0.666667,77.0,0.0,1.0,0.0,0.333333,0.0,0.0,18.0,4.0,1.75,False,False,0.0,False,0.0,False,0.0,FMeasure
9.0,1.0,0.0,83.0,9.0,36.0,80.0,3.0,9.0,2.0,9.0,0.0,0.0,0.0,1.0,0.0,0.0,0.0,1.0,1.0,False,False,0.0,False,0.0,False,0.2283333333333333,FMeasure
7.0,6.0,0.0,3.0,22.0,21.0,0.0,0.0,7.0,2.0,68.0,0.0,0.0,0.967568,0.857143,1.0,1.0,8.714286,3.0,1.1429,False,False,0.0,False,0.0,False,0.2,FMeasure
15.0,2.0,0.0,9.0,40.0,77.0,3.0,7.0,12.0,0.666667,286.0,1.0,1.0,0.606061,0.5,1.0,1.0,17.866667,2.0,0.9333,False,False,0.0,False,0.1,False,0.1,FMeasure
27.0,1.0,0.0,33.0,78.0,219.0,23.0,13.0,24.0,0.737179,394.0,1.0,5.0,0.0,0.150997,0.0,0.0,13.37037,4.0,1.2593,False,False,0.1,False,0.5,False,0.0,FMeasure
31.0,1.0,0.0,97.0,31.0,465.0,84.0,16.0,31.0,1.033333,33.0,0.0,0.0,0.0,0.132258,0.0,0.0,0.0,1.0,1.0,False,False,0.0,False,0.1,False,0.1,FMeasure
9.0,2.0,0.0,17.0,28.0,22.0,9.0,8.0,7.0,0.5,127.0,1.0,1.0,0.3,0.25,1.0,1.0,12.888889,2.0,1.0,False,False,0.1,False,0.1,False,0.3,FMeasure
37.0,4.0,0.0,19.0,107.0,526.0,0.0,0.0,30.0,0.909259,659.0,0.933333,0.0,0.6504850000000001,0.32973,2.0,3.0,16.405405,3.0,1.027,False,False,0.2,False,0.2,False,0.0,FMeasure
2.0,1.0,0.0,3.0,16.0,1.0,2.0,1.0,1.0,2.0,98.0,0.0,0.0,0.0,0.5,0.0,0.0,48.0,7.0,3.5,False,False,0.2,False,0.1,False,0.0,FMeasure
15.0,4.0,0.0,13.0,64.0,57.0,0.0,0.0,14.0,0.8214290000000001,411.0,1.0,0.0,0.82716,0.306667,1.0,2.0,26.0,5.0,1.2,True,False,0.2,False,0.3,False,0.3,FMeasure
2.0,1.0,0.0,30.0,65.0,0.0,1.0,29.0,2.0,0.0,412.0,1.0,3.0,0.0,0.571429,0.0,0.0,203.5,1.0,0.5,False,False,0.1,False,0.2,False,0.4,FMeasure
8.0,1.0,5.0,6.0,22.0,6.0,5.0,1.0,6.0,0.761905,145.0,1.0,0.0,0.0,0.541667,0.0,0.0,16.375,2.0,1.125,False,False,0.1,False,0.0,False,0.1,FMeasure
5.0,2.0,2.0,6.0,14.0,2.0,2.0,4.0,4.0,0.75,60.0,1.0,2.0,0.75,0.333333,0.0,0.0,10.2,1.0,0.8,False,False,0.0,False,0.1,False,0.1,FMeasure
7.0,1.0,0.0,10.0,63.0,21.0,2.0,8.0,5.0,2.0,1034.0,0.0,0.0,0.0,0.285714,0.0,0.0,146.71428600000004,10.0,4.8571,False,False,0.3,False,0.5,False,0.3,FMeasure
14.0,1.0,1.0,2.0,19.0,79.0,1.0,1.0,7.0,0.807692,97.0,1.0,0.0,0.0,0.285714,0.0,0.0,5.5,2.0,1.0,False,False,0.1,False,0.3,False,0.1,FMeasure
20.0,1.0,2.0,4.0,30.0,142.0,2.0,2.0,18.0,0.763158,183.0,1.0,0.0,0.0,0.5,0.0,0.0,7.95,2.0,1.05,False,False,0.2,False,0.0,False,0.2,FMeasure
5.0,1.0,0.0,13.0,30.0,4.0,3.0,10.0,3.0,0.25,149.0,1.0,1.0,0.0,0.5,0.0,0.0,28.6,5.0,1.8,False,False,0.1,False,0.0,False,0.0,FMeasure
13.0,2.0,0.0,14.0,35.0,52.0,10.0,4.0,13.0,0.333333,204.0,1.0,2.0,0.388889,0.282051,1.0,1.0,14.538462,5.0,1.2308,False,False,0.0,False,0.2,False,0.0,FMeasure
12.0,1.0,0.0,7.0,63.0,64.0,2.0,0.0,5.0,1.049587,939.0,1.0,0.0,0.0,0.345238,0.0,0.0,76.333333,1.0,0.9167,False,True,0.7,False,0.5,True,0.6,FMeasure
2.0,4.0,0.0,2.0,18.0,0.0,1.0,1.0,2.0,0.0,99.0,1.0,0.0,0.983871,0.666667,1.0,1.0,47.5,3.0,1.5,False,False,0.0,False,0.0,False,0.1,FMeasure
5.0,1.0,0.0,7.0,26.0,4.0,1.0,6.0,3.0,0.0,158.0,1.0,0.0,0.0,0.525,0.0,0.0,30.2,4.0,1.8,False,False,0.0,False,0.0,False,0.0,FMeasure
6.0,1.0,0.0,27.0,6.0,15.0,26.0,2.0,6.0,2.0,6.0,0.0,0.0,0.0,0.541667,0.0,0.0,0.0,1.0,1.0,False,False,0.0,False,0.0,False,0.1,FMeasure
4.0,1.0,0.0,4.0,5.0,6.0,3.0,1.0,2.0,1.0,17.0,0.0,1.0,0.0,0.666667,0.0,0.0,3.0,1.0,0.5,False,False,0.0,False,0.0,False,0.0,FMeasure
11.0,2.0,0.0,7.0,12.0,25.0,5.0,2.0,11.0,0.8,74.0,1.0,1.0,0.285714,0.29090900000000003,0.0,0.0,5.272727,1.0,0.9091,False,False,0.0,False,0.0,False,0.0,FMeasure
12.0,1.0,0.0,19.0,12.0,66.0,13.0,6.0,12.0,2.0,12.0,0.0,0.0,0.0,0.31666700000000003,0.0,0.0,0.0,1.0,1.0,False,False,0.4,False,0.3,True,0.7,FMeasure
1.0,1.0,0.0,7.0,1.0,0.0,6.0,1.0,1.0,2.0,1.0,0.0,0.0,0.0,1.0,0.0,0.0,0.0,1.0,1.0,False,False,0.0,False,0.0,False,0.0,FMeasure
6.0,1.0,0.0,21.0,6.0,15.0,17.0,5.0,6.0,2.0,6.0,0.0,0.0,0.0,0.37037,0.0,0.0,0.0,1.0,1.0,False,False,0.4,False,0.0,False,0.1,FMeasure
2.0,1.0,0.0,15.0,34.0,0.0,1.0,14.0,2.0,0.0,326.0,1.0,2.0,0.0,0.6,0.0,0.0,161.0,13.0,6.5,False,False,0.1,False,0.1,False,0.1,FMeasure
5.0,2.0,0.0,10.0,44.0,0.0,3.0,7.0,5.0,0.5,305.0,1.0,2.0,0.833333,0.6,1.0,1.0,59.4,1.0,0.8,True,True,0.7,False,0.2,False,0.2,Accuracy
4.0,4.0,2.0,5.0,8.0,6.0,5.0,0.0,4.0,2.0,20.0,0.0,0.0,1.0,0.666667,0.0,0.0,4.0,0.0,0.0,False,False,0.0,False,0.1,False,0.0,FMeasure
5.0,1.0,0.0,6.0,17.0,10.0,4.0,2.0,4.0,2.0,112.0,0.0,0.0,0.0,0.25,0.0,0.0,21.4,3.0,1.6,False,False,0.2,False,0.0,False,0.1,FMeasure
8.0,1.0,0.0,3.0,35.0,20.0,2.0,1.0,4.0,0.809524,303.0,1.0,0.0,0.0,0.357143,0.0,0.0,36.5,4.0,1.25,True,False,0.3,True,0.7,False,0.3,FMeasure
8.0,1.0,0.0,2.0,13.0,14.0,2.0,0.0,6.0,0.571429,69.0,1.0,0.0,0.0,0.625,0.0,0.0,7.375,3.0,1.25,False,False,0.0,False,0.1,False,0.3,FMeasure
5.0,1.0,0.0,2.0,22.0,8.0,1.0,1.0,5.0,0.5,97.0,1.0,0.0,0.0,0.4,0.0,0.0,18.2,1.0,0.6,False,False,0.2,False,0.0,False,0.2,FMeasure
5.0,1.0,0.0,3.0,6.0,6.0,0.0,3.0,5.0,0.75,24.0,1.0,2.0,0.0,0.466667,0.0,0.0,3.4,1.0,0.8,False,False,0.2,False,0.2,False,0.2,FMeasure
3.0,1.0,0.0,2.0,6.0,1.0,2.0,0.0,1.0,0.5,21.0,1.0,0.0,0.0,0.5,0.0,0.0,5.666667,2.0,0.6667,False,False,0.0,False,0.0,False,0.0,FMeasure
4.0,1.0,0.0,12.0,5.0,0.0,12.0,1.0,4.0,0.5,24.0,1.0,1.0,0.0,0.5,0.0,0.0,4.5,1.0,0.75,False,False,0.025,False,0.0,False,0.0,FMeasure
4.0,2.0,0.0,3.0,11.0,6.0,1.0,2.0,4.0,2.0,48.0,0.0,0.0,0.727273,0.666667,1.0,1.0,11.0,2.0,1.0,False,False,0.0,False,0.0,False,0.1,FMeasure
3.0,6.0,0.0,3.0,7.0,3.0,0.0,0.0,3.0,2.0,17.0,0.0,0.0,0.98895,1.0,1.0,1.0,4.666667,1.0,0.6667,False,False,0.0,False,0.0,False,0.0,FMeasure
8.0,1.0,0.0,8.0,8.0,28.0,3.0,5.0,8.0,2.0,8.0,0.0,0.0,0.0,0.458333,0.0,0.0,0.0,1.0,1.0,False,False,0.3,False,0.1,False,0.26666666666666666,FMeasure
6.0,1.0,0.0,1.0,7.0,3.0,1.0,0.0,6.0,0.6,34.0,1.0,0.0,0.0,0.555556,0.0,0.0,4.3333330000000005,1.0,0.6667,False,False,0.0,False,0.0,False,0.1,FMeasure
3.0,1.0,0.0,8.0,20.0,1.0,2.0,6.0,3.0,0.0,155.0,1.0,0.0,0.0,0.444444,0.0,0.0,50.0,4.0,2.0,False,False,0.1,False,0.0,False,0.1,FMeasure
3.0,3.0,0.0,5.0,9.0,0.0,1.0,4.0,3.0,0.833333,40.0,0.666667,2.0,0.875,0.5,0.0,0.0,11.333333,1.0,0.6667,False,False,0.0,False,0.1,False,0.0,FMeasure
1.0,3.0,0.0,4.0,2.0,0.0,1.0,3.0,1.0,2.0,9.0,0.0,0.0,1.0,1.0,0.0,0.0,7.0,0.0,0.0,False,False,0.0,False,0.0,False,0.0,FMeasure
47.0,4.0,0.0,15.0,108.0,865.0,1.0,0.0,45.0,0.920652,896.0,1.0,0.0,0.59292,0.22188400000000005,2.0,4.0,17.638298000000006,3.0,1.0426,False,False,0.4,False,0.2,True,0.6,FMeasure
22.0,2.0,0.0,16.0,59.0,0.0,1.0,15.0,22.0,0.714286,354.0,0.6,2.0,0.752941,0.162879,1.0,3.0,14.863635999999998,3.0,1.4091,False,False,0.2,False,0.4,False,0.1,FMeasure
10.0,1.0,0.0,17.0,62.0,11.0,1.0,0.0,5.0,0.766667,491.0,1.0,1.0,0.0,0.233333,0.0,0.0,47.1,2.0,1.1,True,True,0.7,True,0.7,False,0.5,FMeasure
2.0,2.0,0.0,3.0,3.0,0.0,1.0,2.0,2.0,1.0,14.0,0.5,1.0,0.923077,0.75,0.0,0.0,5.0,1.0,0.5,False,False,0.0,False,0.0,False,0.0,FMeasure
5.0,1.0,4.0,7.0,8.0,8.0,4.0,3.0,4.0,0.5,34.0,1.0,0.0,0.0,0.8,0.0,0.0,5.6,3.0,1.2,False,False,0.1,False,0.0,False,0.0,FMeasure
2.0,5.0,3.0,6.0,5.0,1.0,3.0,3.0,2.0,2.0,12.0,0.0,0.0,0.994118,1.0,1.0,1.0,5.0,1.0,0.5,False,False,0.0,False,0.0,False,0.0,FMeasure
11.0,1.0,0.0,4.0,21.0,13.0,1.0,0.0,11.0,0.6,68.0,0.5,0.0,0.0,0.340909,0.0,0.0,5.0,1.0,0.8182,False,False,0.0,False,0.1,False,0.1,FMeasure
59.0,1.0,0.0,31.0,148.0,0.0,0.0,31.0,57.0,0.017241,895.0,1.0,1.0,0.0,0.190862,0.0,0.0,14.152542,4.0,1.0339,False,False,0.3,False,0.2,False,0.1,FMeasure
25.0,4.0,0.0,10.0,49.0,224.0,0.0,0.0,25.0,0.905303,304.0,1.0,0.0,0.736264,0.37,2.0,3.0,10.72,1.0,0.96,False,False,0.0,False,0.3,False,0.0,FMeasure
6.0,2.0,0.0,6.0,36.0,0.0,1.0,0.0,5.0,0.3,165.0,1.0,0.0,0.583333,0.5,1.0,2.0,26.166667,3.0,1.8333,False,False,0.1,False,0.2,False,0.0,FMeasure
5.0,1.0,0.0,1.0,22.0,10.0,1.0,0.0,3.0,1.25,103.0,1.0,0.0,0.0,0.2,0.0,0.0,19.2,2.0,1.0,False,False,0.1,False,0.1,False,0.1,FMeasure
3.0,1.0,0.0,13.0,22.0,0.0,4.0,11.0,2.0,1.0,201.0,1.0,3.0,0.0,0.583333,0.0,0.0,64.0,6.0,3.3333,False,False,0.1,False,0.2,False,0.1,FMeasure
57.0,2.0,1.0,56.0,242.0,1504.0,8.0,54.0,27.0,0.950255,2550.0,0.785714,3.0,0.5378149999999999,0.113946,2.0,5.0,43.491228,9.0,2.0351,True,True,0.9,True,0.8,True,0.8,FMeasure
5.0,1.0,0.0,2.0,6.0,2.0,1.0,1.0,5.0,0.75,36.0,1.0,0.0,0.0,0.6,0.0,0.0,5.4,1.0,0.8,True,False,0.0,False,0.0,False,0.0,FMeasure
13.0,1.0,0.0,14.0,49.0,24.0,11.0,4.0,12.0,0.65,298.0,1.0,0.0,0.0,0.346154,0.0,0.0,21.538462,4.0,1.8462,False,False,0.4,False,0.3,True,0.6,FMeasure
2.0,3.0,0.0,3.0,5.0,0.0,1.0,2.0,1.0,0.0,15.0,1.0,0.0,1.0,1.0,0.0,0.0,6.0,0.0,0.0,False,False,0.0,False,0.0,False,0.0,FMeasure
29.0,2.0,0.0,21.0,104.0,236.0,1.0,20.0,22.0,0.767857,733.0,1.0,0.0,0.695652,0.143236,1.0,4.0,24.137931,5.0,1.7586,True,True,0.6,True,0.7,True,0.6,FMeasure
1.0,1.0,0.0,2.0,1.0,0.0,2.0,0.0,1.0,2.0,1.0,0.0,0.0,0.0,1.0,0.0,0.0,0.0,1.0,1.0,False,False,0.0,False,0.0,False,0.0,FMeasure
5.0,5.0,0.0,4.0,18.0,8.0,1.0,0.0,4.0,0.875,76.0,1.0,0.0,0.982558,0.625,2.0,2.0,13.8,3.0,1.0,False,False,0.2,False,0.0,False,0.1,FMeasure
10.0,1.0,6.0,12.0,14.0,37.0,6.0,6.0,10.0,0.777778,51.0,1.0,1.0,0.0,0.3,0.0,0.0,3.9,1.0,0.8,False,False,0.1,False,0.1,False,0.0,FMeasure
21.0,2.0,2.0,9.0,58.0,156.0,3.0,0.0,15.0,0.855556,373.0,1.0,0.0,0.512821,0.32,0.0,0.0,16.333333,6.0,1.381,False,False,0.0,False,0.5,True,0.6,FMeasure
3.0,1.0,0.0,8.0,4.0,0.0,8.0,0.0,3.0,0.5,20.0,1.0,0.0,0.0,0.666667,0.0,0.0,5.0,1.0,0.6667,False,False,0.25,False,0.0,False,0.0,FMeasure
25.0,1.0,0.0,8.0,90.0,112.0,4.0,7.0,21.0,0.907738,1160.0,0.357143,1.0,0.0,0.239583,0.0,0.0,44.84,29.0,2.96,False,True,0.8,True,0.8,True,0.7,FMeasure
2.0,3.0,0.0,6.0,7.0,1.0,2.0,4.0,2.0,2.0,18.0,0.0,0.0,0.9375,0.625,0.0,0.0,8.0,1.0,0.5,False,False,0.0,False,0.0,False,0.0,FMeasure
23.0,2.0,0.0,7.0,33.0,213.0,4.0,3.0,15.0,0.966403,284.0,0.478261,2.0,0.375,0.23913,0.0,0.0,10.347826,5.0,1.4348,False,False,0.3,False,0.4,False,0.5,FMeasure
21.0,1.0,5.0,12.0,46.0,132.0,7.0,5.0,10.0,0.5875,281.0,0.75,1.0,0.0,0.17315999999999998,0.0,0.0,12.190476,4.0,1.381,False,False,0.1,False,0.3,False,0.4,FMeasure
22.0,4.0,5.0,30.0,104.0,63.0,5.0,25.0,11.0,0.571429,707.0,1.0,1.0,0.87574,0.184659,4.0,12.0,31.045455,9.0,1.7727,False,False,0.3,False,0.2,False,0.3,FMeasure
21.0,3.0,0.0,12.0,77.0,160.0,2.0,0.0,15.0,0.9125,797.0,1.0,0.0,0.661017,0.227513,2.0,3.0,36.571429,3.0,1.0952,False,False,0.1,False,0.4,False,0.4,FMeasure
9.0,2.0,0.0,7.0,30.0,0.0,1.0,7.0,9.0,0.0,228.0,1.0,0.0,0.5,0.333333,1.0,1.0,24.222222,3.0,2.1111,False,False,0.1,False,0.0,False,0.0,FMeasure
12.0,2.0,0.0,6.0,31.0,20.0,3.0,5.0,9.0,1.012539,360.0,1.0,1.0,0.5,0.393939,1.0,1.0,26.583333000000003,6.0,2.0833,False,False,0.2,True,0.8,False,0.5,FMeasure
3.0,1.0,0.0,16.0,3.0,3.0,15.0,1.0,3.0,2.0,3.0,0.0,0.0,0.0,1.0,0.0,0.0,0.0,1.0,1.0,False,False,0.0,False,0.0,False,0.0,FMeasure
38.0,4.0,4.0,21.0,104.0,613.0,4.0,0.0,29.0,0.897683,839.0,1.0,1.0,0.644231,0.225564,1.0,1.0,20.710526,18.0,1.8158,True,True,0.7,False,0.5,True,0.6,FMeasure
1.0,1.0,0.0,34.0,1.0,0.0,34.0,0.0,1.0,2.0,1.0,0.0,0.0,0.0,1.0,0.0,0.0,0.0,1.0,1.0,False,False,0.0,False,0.0,False,0.0,FMeasure
2.0,3.0,0.0,4.0,5.0,0.0,1.0,3.0,2.0,1.0,21.0,0.5,1.0,0.933333,0.666667,0.0,0.0,8.5,1.0,0.5,False,False,0.0,False,0.0,False,0.0,FMeasure
11.0,1.0,0.0,23.0,16.0,31.0,21.0,4.0,8.0,0.8,77.0,0.833333,3.0,0.0,0.26,0.0,0.0,5.454545,1.0,0.8182,False,False,0.1,False,0.5,False,0.1,FMeasure
3.0,2.0,0.0,3.0,5.0,3.0,0.0,0.0,1.0,1.0,18.0,0.0,1.0,0.8,0.75,1.0,1.0,4.666667,1.0,0.3333,False,False,0.0,False,0.0,False,0.0,FMeasure
2.0,1.0,0.0,4.0,2.0,1.0,2.0,2.0,2.0,2.0,2.0,0.0,0.0,0.0,0.75,0.0,0.0,0.0,1.0,1.0,False,False,0.0,False,0.0,False,0.0,FMeasure
25.0,1.0,0.0,6.0,26.0,276.0,5.0,1.0,25.0,0.958333,136.0,1.0,1.0,0.0,0.246667,0.0,0.0,3.96,1.0,0.96,False,False,0.2,False,0.0,False,0.1,FMeasure
6.0,1.0,0.0,23.0,6.0,15.0,22.0,1.0,6.0,2.0,6.0,0.0,0.0,0.0,0.555556,0.0,0.0,0.0,1.0,1.0,False,False,0.0,False,0.0,False,0.1,FMeasure
8.0,2.0,0.0,5.0,25.0,6.0,0.0,5.0,6.0,0.628571,145.0,1.0,0.0,0.6,0.371429,0.0,0.0,16.5,6.0,1.375,False,False,0.0,False,0.1,False,0.0,FMeasure
11.0,1.0,0.0,43.0,11.0,55.0,35.0,8.0,11.0,2.0,11.0,0.0,0.0,0.0,0.409091,0.0,0.0,0.0,1.0,1.0,True,False,0.3,False,0.4,False,0.1,FMeasure
1.0,3.0,0.0,3.0,2.0,0.0,3.0,0.0,1.0,2.0,5.0,0.0,0.0,1.0,1.0,0.0,0.0,4.0,0.0,0.0,False,False,0.0,False,0.06666666666666668,False,0.0,FMeasure
3.0,1.0,0.0,2.0,4.0,1.0,2.0,0.0,3.0,0.5,14.0,1.0,0.0,0.0,0.666667,0.0,0.0,3.333333,1.0,0.6667,False,False,0.25,False,0.0,False,0.0,FMeasure
10.0,1.0,0.0,2.0,12.0,25.0,1.0,0.0,10.0,0.805556,53.0,1.0,0.0,0.0,0.7,0.0,0.0,3.9,1.0,0.9,False,False,0.0,False,0.0,False,0.0,FMeasure
12.0,1.0,0.0,35.0,18.0,30.0,32.0,4.0,12.0,0.727273,99.0,1.0,4.0,0.0,0.277778,1.0,1.0,6.8333330000000005,2.0,0.9167,False,False,0.4,False,0.5,False,0.2,FMeasure
9.0,1.0,0.0,4.0,11.0,28.0,3.0,1.0,9.0,0.875,60.0,1.0,2.0,0.0,0.4814810000000001,0.0,0.0,5.222222,2.0,1.1111,False,False,0.0,False,0.2,False,0.2,FMeasure
2.0,1.0,0.0,3.0,2.0,1.0,3.0,0.0,2.0,2.0,2.0,0.0,0.0,0.0,0.75,0.0,0.0,0.0,1.0,1.0,False,False,0.0,False,0.0,False,0.0,FMeasure
11.0,1.0,0.0,14.0,24.0,17.0,10.0,4.0,10.0,0.54,107.0,1.0,0.0,0.0,0.393939,0.0,0.0,8.272727,2.0,1.1818,True,False,0.1,False,0.3,False,0.2,FMeasure
13.0,3.0,0.0,16.0,26.0,46.0,14.0,3.0,12.0,0.736111,243.0,1.0,1.0,0.421053,0.196581,1.0,1.0,17.230769,6.0,1.6154,False,False,0.1,False,0.0,False,0.0,FMeasure
30.0,1.0,0.0,27.0,78.0,267.0,16.0,12.0,30.0,0.8735629999999999,543.0,1.0,1.0,0.0,0.123077,0.0,0.0,16.8,5.0,1.4667,False,False,0.1,False,0.4,False,0.3,FMeasure
2.0,2.0,0.0,4.0,4.0,1.0,1.0,3.0,1.0,2.0,8.0,0.0,0.0,0.666667,0.75,1.0,1.0,3.0,1.0,0.5,False,False,0.0,False,0.0,False,0.0,FMeasure
14.0,1.0,0.0,10.0,39.0,0.0,2.0,8.0,13.0,0.661538,225.0,1.0,2.0,0.0,0.22449,0.0,0.0,14.714285999999998,4.0,1.7143,False,False,0.0,False,0.0,False,0.0,FMeasure
13.0,1.0,0.0,28.0,104.0,76.0,2.0,26.0,8.0,0.916667,691.0,1.0,1.0,0.0,0.227273,0.0,0.0,52.076923,8.0,1.6154,False,False,0.4,False,0.5,True,0.6,FMeasure
12.0,1.0,0.0,9.0,31.0,54.0,1.0,8.0,10.0,0.840909,170.0,1.0,0.0,0.0,0.5,0.0,0.0,12.833333,3.0,1.4167,False,False,0.1,False,0.2,False,0.3,FMeasure
1.0,1.0,0.0,7.0,1.0,0.0,6.0,1.0,1.0,2.0,1.0,0.0,0.0,0.0,1.0,0.0,0.0,0.0,1.0,1.0,False,False,0.0,False,0.0,False,0.0,FMeasure
23.0,1.0,0.0,57.0,23.0,253.0,46.0,16.0,23.0,2.0,23.0,0.0,0.0,0.0,0.127717,0.0,0.0,0.0,1.0,1.0,False,False,0.3,False,0.0,False,0.0,FMeasure
15.0,2.0,0.0,12.0,16.0,67.0,9.0,3.0,15.0,0.867347,104.0,1.0,1.0,0.125,0.293333,0.0,0.0,5.466667,1.0,0.9333,False,False,0.0,False,0.2,False,0.2,FMeasure
9.0,1.0,2.0,5.0,36.0,36.0,2.0,3.0,9.0,2.0,146.0,0.0,0.0,0.0,0.444444,1.0,1.0,15.222222,9.0,1.8889,False,False,0.3,False,0.0,False,0.3,FMeasure
21.0,2.0,0.0,21.0,38.0,170.0,17.0,4.0,21.0,0.6625,224.0,1.0,1.0,0.333333,0.253968,1.0,9.0,9.47619,1.0,0.7619,False,False,0.0,False,0.1,False,0.1,FMeasure
3.0,1.0,0.0,6.0,18.0,3.0,2.0,4.0,2.0,2.0,67.0,0.0,0.0,0.0,0.444444,1.0,1.0,21.333333,7.0,3.0,False,False,0.0,False,0.0,False,0.0,FMeasure
157.0,1.0,0.0,111.0,312.0,11794.0,51.0,75.0,142.0,0.967014,2701.0,0.9375,12.0,0.0,0.062279,0.0,0.0,15.898089,6.0,1.5159,False,False,0.5,True,0.7,False,0.4,FMeasure
14.0,1.0,0.0,57.0,32.0,45.0,57.0,0.0,13.0,0.725275,277.0,0.714286,0.0,0.0,0.307692,1.0,1.0,18.285714,7.0,1.7143,False,False,0.1,False,0.3,False,0.0,FMeasure
5.0,1.0,0.0,11.0,14.0,4.0,8.0,3.0,3.0,0.5,72.0,1.0,1.0,0.0,0.25,0.0,0.0,13.2,1.0,0.6,False,False,0.0,False,0.0,False,0.0,FMeasure
6.0,1.0,0.0,11.0,6.0,15.0,10.0,2.0,6.0,2.0,6.0,0.0,0.0,0.0,1.0,0.0,0.0,0.0,1.0,1.0,False,False,0.0,False,0.0,False,0.0,FMeasure
3.0,1.0,0.0,2.0,5.0,0.0,1.0,1.0,3.0,0.0,22.0,1.0,1.0,0.0,0.555556,0.0,0.0,6.0,2.0,1.0,False,False,0.1,False,0.0,False,0.0,FMeasure
25.0,1.0,0.0,62.0,25.0,300.0,55.0,8.0,25.0,2.0,25.0,0.0,0.0,0.0,0.29600000000000004,0.0,0.0,0.0,1.0,1.0,False,False,0.4,False,0.1,False,0.0,FMeasure
8.0,1.0,0.0,11.0,17.0,0.0,9.0,3.0,8.0,0.428571,54.0,1.0,1.0,0.0,0.416667,0.0,0.0,5.5,1.0,0.875,False,False,0.0,False,0.1,False,0.0,FMeasure
6.0,1.0,0.0,9.0,9.0,3.0,6.0,3.0,5.0,0.7,52.0,0.5,3.0,0.0,0.466667,0.0,0.0,7.0,1.0,0.6667,False,False,0.0,False,0.2,False,0.1,FMeasure
11.0,1.0,0.0,6.0,12.0,25.0,4.0,2.0,11.0,0.8,78.0,1.0,1.0,0.0,0.363636,0.0,0.0,5.636364,2.0,1.0,False,False,0.0,False,0.0,False,0.0,FMeasure
32.0,3.0,17.0,33.0,84.0,470.0,17.0,0.0,8.0,0.922581,670.0,0.6,0.0,0.552239,0.25,0.0,0.0,19.78125,5.0,1.7188,False,False,0.1,False,0.4,False,0.3,FMeasure
17.0,1.0,0.0,6.0,29.0,90.0,2.0,5.0,17.0,0.8125,167.0,1.0,0.0,0.0,0.382353,0.0,0.0,8.470588000000001,1.0,0.8824,False,False,0.3,False,0.2,False,0.3,FMeasure
3.0,1.0,2.0,7.0,12.0,3.0,2.0,5.0,1.0,2.0,53.0,0.0,0.0,0.0,0.5,0.0,0.0,16.666667,2.0,1.0,False,False,0.0,False,0.0,False,0.0,FMeasure
7.0,1.0,0.0,54.0,7.0,21.0,54.0,0.0,7.0,2.0,7.0,0.0,0.0,0.0,0.571429,0.0,0.0,0.0,1.0,1.0,False,False,0.0,False,0.0,False,0.1,FMeasure
9.0,2.0,1.0,13.0,38.0,12.0,2.0,12.0,8.0,0.5,197.0,1.0,1.0,0.5,0.377778,0.0,0.0,20.666667,5.0,1.6667,False,False,0.1,False,0.2,False,0.0,FMeasure
28.0,6.0,0.0,17.0,70.0,300.0,1.0,17.0,21.0,0.728395,488.0,0.666667,0.0,0.862944,0.129121,4.0,9.0,16.214285999999998,8.0,1.8214,False,False,0.4,False,0.4,False,0.2,FMeasure
1.0,1.0,0.0,7.0,1.0,0.0,5.0,2.0,1.0,2.0,1.0,0.0,0.0,0.0,1.0,0.0,0.0,0.0,1.0,1.0,False,False,0.0,False,0.0,False,0.0,FMeasure
6.0,2.0,0.0,3.0,9.0,9.0,2.0,1.0,6.0,0.4,40.0,1.0,0.0,0.791667,0.666667,1.0,8.0,5.5,2.0,1.0,False,False,0.0,False,0.1,False,0.0,FMeasure
2.0,1.0,0.0,4.0,2.0,1.0,4.0,0.0,2.0,2.0,2.0,0.0,0.0,0.0,0.666667,0.0,0.0,0.0,1.0,1.0,False,False,0.0,False,0.0,False,0.0,FMeasure
4.0,1.0,0.0,16.0,79.0,0.0,1.0,15.0,3.0,0.0,435.0,1.0,1.0,0.0,0.5,0.0,0.0,107.5,1.0,0.75,False,False,0.3,False,0.4,False,0.3,FMeasure
4.0,1.0,0.0,15.0,10.0,0.0,15.0,0.0,2.0,0.5,68.0,0.25,3.0,0.0,0.666667,0.0,0.0,15.0,4.0,1.25,False,False,0.0,False,0.2,False,0.0,FMeasure
8.0,1.0,0.0,27.0,8.0,28.0,14.0,14.0,8.0,2.0,8.0,0.0,0.0,0.0,0.267857,0.0,0.0,0.0,1.0,1.0,True,False,0.5,False,0.5,False,0.0,FMeasure
5.0,1.0,0.0,5.0,56.0,0.0,1.0,4.0,5.0,0.75,334.0,1.0,0.0,0.0,0.342857,0.0,0.0,65.0,11.0,3.0,False,False,0.5,False,0.5,True,0.7,FMeasure
14.0,5.0,0.0,20.0,105.0,73.0,0.0,0.0,7.0,0.807692,623.0,1.0,0.0,0.8888889999999999,0.207792,3.0,6.0,43.357143,7.0,1.5714,False,False,0.3,True,0.6,False,0.2,FMeasure
6.0,1.0,0.0,3.0,14.0,7.0,2.0,2.0,6.0,0.5,63.0,1.0,1.0,0.0,0.4,0.0,0.0,9.166667,2.0,1.0,False,False,0.0,False,0.0,False,0.0,FMeasure
10.0,2.0,0.0,9.0,38.0,15.0,0.0,0.0,8.0,0.694444,197.0,1.0,0.0,0.5,0.4,0.0,0.0,18.3,7.0,1.6,False,False,0.1,False,0.0,False,0.0,FMeasure
1.0,3.0,0.0,3.0,2.0,0.0,1.0,2.0,1.0,2.0,8.0,0.0,0.0,1.0,1.0,0.0,0.0,6.0,0.0,0.0,False,False,0.0,False,0.0,False,0.0,FMeasure
4.0,1.0,0.0,2.0,6.0,0.0,1.0,1.0,4.0,0.333333,35.0,1.0,2.0,0.0,0.5,0.0,0.0,7.25,3.0,1.25,False,False,0.0,False,0.0,False,0.0,FMeasure
20.0,1.0,0.0,106.0,45.0,182.0,103.0,5.0,17.0,1.015038,124.0,0.285714,1.0,0.0,0.14473699999999998,0.0,0.0,4.85,2.0,0.95,False,False,0.0,False,0.2,False,0.0,FMeasure
19.0,1.0,0.0,8.0,19.0,171.0,8.0,0.0,19.0,2.0,19.0,0.0,0.0,0.0,0.421053,0.0,0.0,0.0,1.0,1.0,False,False,0.1,False,0.0,False,0.1,FMeasure
2.0,1.0,0.0,9.0,2.0,1.0,7.0,3.0,2.0,2.0,4.0,0.0,0.0,0.0,0.625,0.0,0.0,0.0,1.0,1.0,False,False,0.0,False,0.0,False,0.0,FMeasure
8.0,2.0,0.0,9.0,61.0,28.0,2.0,7.0,6.0,1.142857,544.0,1.0,0.0,0.611111,0.375,1.0,3.0,66.875,4.0,1.625,True,True,0.6,True,0.6,True,0.6,FMeasure
13.0,6.0,0.0,25.0,69.0,78.0,1.0,24.0,12.0,2.0,420.0,0.0,0.0,0.945274,0.174825,4.0,7.0,31.307692,4.0,1.2308,False,False,0.5,False,0.2,False,0.2,FMeasure
3.0,2.0,0.0,5.0,5.0,3.0,2.0,3.0,1.0,1.0,18.0,0.0,1.0,0.8,0.75,1.0,1.0,4.666667,1.0,0.3333,False,False,0.0,False,0.0,False,0.0,FMeasure
2.0,2.0,0.0,1.0,4.0,1.0,0.0,1.0,2.0,2.0,10.0,0.0,0.0,0.666667,0.666667,1.0,1.0,4.0,1.0,0.5,False,False,0.0,False,0.0,False,0.0,FMeasure
4.0,1.0,0.0,7.0,17.0,0.0,5.0,2.0,2.0,0.666667,58.0,0.5,1.0,0.0,0.833333,0.0,0.0,13.0,2.0,0.75,False,False,0.1,False,0.0,False,0.0,FMeasure
9.0,1.0,0.0,3.0,11.0,26.0,2.0,1.0,9.0,0.85,60.0,1.0,0.0,0.0,0.361111,0.0,0.0,5.111111,1.0,0.8889,False,False,0.1,False,0.0,False,0.0,FMeasure
3.0,1.0,0.0,11.0,3.0,3.0,8.0,3.0,3.0,2.0,3.0,0.0,0.0,0.0,1.0,0.0,0.0,0.0,1.0,1.0,False,False,0.0,False,0.0,False,0.0,FMeasure
5.0,1.0,0.0,8.0,5.0,10.0,8.0,0.0,5.0,2.0,5.0,0.0,0.0,0.0,0.7,0.0,0.0,0.0,1.0,1.0,False,False,0.1,False,0.0,False,0.1,FMeasure
3.0,2.0,1.0,4.0,5.0,3.0,3.0,1.0,3.0,2.0,18.0,0.0,0.0,0.875,0.555556,1.0,1.0,5.0,1.0,0.3333,False,False,0.0,False,0.0,False,0.0,FMeasure
3.0,1.0,0.0,3.0,3.0,3.0,2.0,1.0,3.0,2.0,3.0,0.0,0.0,0.0,0.666667,0.0,0.0,0.0,1.0,1.0,False,False,0.0,False,0.0,False,0.0,FMeasure
28.0,1.0,0.0,11.0,72.0,118.0,5.0,10.0,18.0,0.994026,719.0,0.967742,0.0,0.0,0.220238,0.0,0.0,23.571429,6.0,2.7143,True,True,0.7,True,0.8,True,0.9,FMeasure
14.0,1.0,0.0,10.0,34.0,65.0,1.0,0.0,13.0,0.355769,207.0,1.0,0.0,0.0,0.404762,0.0,0.0,13.214285999999998,3.0,1.1429,False,False,0.1,False,0.0,False,0.0,FMeasure
5.0,1.0,0.0,9.0,20.0,2.0,3.0,6.0,5.0,0.625,89.0,1.0,1.0,0.0,0.533333,0.0,0.0,16.4,2.0,1.2,False,False,0.0,False,0.0,False,0.1,FMeasure
4.0,1.0,0.0,6.0,4.0,6.0,6.0,0.0,4.0,2.0,4.0,0.0,0.0,0.0,1.0,0.0,0.0,0.0,1.0,1.0,True,False,0.0,False,0.0,False,0.0,FMeasure
1.0,3.0,0.0,4.0,2.0,0.0,1.0,3.0,1.0,2.0,11.0,0.5,0.0,1.0,1.0,0.0,0.0,8.0,0.0,0.0,False,False,0.0,False,0.1,False,0.0,FMeasure
9.0,1.0,1.0,5.0,29.0,0.0,3.0,3.0,6.0,0.5625,157.0,1.0,0.0,0.0,0.416667,0.0,0.0,16.222222,3.0,1.4444,False,False,0.1,False,0.0,False,0.0,FMeasure
1.0,1.0,0.0,8.0,1.0,0.0,6.0,2.0,1.0,2.0,1.0,0.0,0.0,0.0,1.0,0.0,0.0,0.0,1.0,1.0,False,False,0.0,False,0.0,False,0.0,FMeasure
12.0,1.0,0.0,10.0,64.0,0.0,1.0,10.0,7.0,0.545455,444.0,1.0,1.0,0.0,0.243056,0.0,0.0,35.75,6.0,2.6667,True,False,0.3,True,0.6,False,0.4,FMeasure
4.0,1.0,0.0,6.0,38.0,6.0,2.0,4.0,2.0,1.0,242.0,0.0,0.0,0.0,0.375,0.0,0.0,59.25,9.0,4.5,False,False,0.3,False,0.0,False,0.0,FMeasure
2.0,1.0,0.0,34.0,2.0,1.0,33.0,1.0,2.0,2.0,7.0,0.0,0.0,0.0,0.75,0.0,0.0,0.0,1.0,1.0,False,False,0.0,False,0.0,False,0.0,FMeasure
17.0,1.0,0.0,6.0,39.0,110.0,2.0,4.0,17.0,0.09375,165.0,1.0,1.0,0.0,0.344538,0.0,0.0,8.588235000000001,2.0,1.0588,False,False,0.2,False,0.2,False,0.0,FMeasure
3.0,1.0,0.0,5.0,3.0,3.0,3.0,2.0,3.0,2.0,3.0,0.0,0.0,0.0,1.0,0.0,0.0,0.0,1.0,1.0,False,False,0.0,False,0.0,False,0.0,FMeasure
16.0,4.0,0.0,8.0,27.0,68.0,0.0,0.0,16.0,0.847619,175.0,1.0,0.0,0.8170729999999999,0.71875,0.0,0.0,9.5,1.0,0.9375,True,False,0.4,False,0.3,False,0.1,FMeasure
19.0,1.0,0.0,6.0,64.0,75.0,1.0,6.0,18.0,0.805556,636.0,1.0,1.0,0.0,0.385965,0.0,0.0,32.157895,6.0,2.3684,False,False,0.5,True,0.7,False,0.5,FMeasure
6.0,1.0,0.0,6.0,13.0,0.0,3.0,3.0,6.0,0.4,55.0,1.0,1.0,0.0,0.458333,0.0,0.0,7.833333,2.0,1.0,False,False,0.0,False,0.1,False,0.1,FMeasure
6.0,4.0,0.0,8.0,23.0,0.0,0.0,0.0,6.0,0.4,143.0,1.0,0.0,0.930556,0.666667,1.0,1.0,22.5,1.0,0.8333,False,False,0.0,False,0.0,False,0.1,FMeasure
4.0,3.0,0.0,7.0,10.0,4.0,2.0,5.0,1.0,0.666667,27.0,1.0,1.0,0.714286,0.5,1.0,1.0,5.5,1.0,0.5,False,False,0.0,False,0.0,False,0.0,FMeasure
2.0,3.0,0.0,4.0,4.0,0.0,1.0,3.0,2.0,1.6,30.0,0.4,0.0,0.941176,0.6,0.0,0.0,11.5,1.0,0.5,False,False,0.0,False,0.1,False,0.0,FMeasure
30.0,1.0,0.0,37.0,68.0,345.0,30.0,9.0,27.0,0.773399,513.0,1.0,3.0,0.0,0.182266,0.0,0.0,15.866667,5.0,1.6,False,False,0.3,False,0.2,False,0.2,FMeasure
10.0,1.0,0.0,20.0,61.0,45.0,6.0,16.0,9.0,2.0,192.0,0.0,0.0,0.0,0.166667,0.0,0.0,18.2,3.0,1.7,False,False,0.2,False,0.1,False,0.3,FMeasure
8.0,6.0,0.0,6.0,41.0,22.0,0.0,0.0,5.0,0.714286,204.0,1.0,0.0,0.938053,0.40625,2.0,2.0,24.375,5.0,1.75,False,False,0.1,False,0.2,False,0.3,FMeasure
2.0,2.0,0.0,6.0,13.0,1.0,1.0,6.0,2.0,2.0,46.0,0.0,0.0,0.857143,0.666667,0.0,0.0,22.0,5.0,2.5,False,False,0.0,False,0.0,False,0.0,FMeasure
4.0,1.0,0.0,2.0,6.0,6.0,1.0,1.0,3.0,1.0,23.0,0.0,1.0,0.0,0.666667,0.0,0.0,4.5,2.0,0.75,False,False,0.0,False,0.0,False,0.0,FMeasure
2.0,1.0,0.0,24.0,2.0,1.0,24.0,0.0,2.0,2.0,2.0,0.0,0.0,0.0,0.75,0.0,0.0,0.0,1.0,1.0,False,False,0.0,False,0.0,False,0.0,FMeasure
10.0,5.0,0.0,9.0,44.0,13.0,0.0,0.0,9.0,0.722222,176.0,1.0,0.0,0.920354,0.466667,2.0,4.0,16.2,1.0,0.9,False,False,0.0,False,0.1,False,0.2,FMeasure
1.0,5.0,0.0,3.0,2.0,0.0,2.0,1.0,1.0,2.0,5.0,0.0,0.0,1.0,1.0,0.0,0.0,4.0,0.0,0.0,False,False,0.0,False,0.0,False,0.0,FMeasure
7.0,1.0,0.0,3.0,12.0,0.0,3.0,1.0,7.0,0.666667,77.0,1.0,4.0,0.0,0.428571,0.0,0.0,9.285714,1.0,0.8571,False,False,0.0,False,0.3,False,0.0,FMeasure
6.0,1.0,0.0,6.0,40.0,13.0,2.0,4.0,5.0,0.2,227.0,1.0,0.0,0.0,0.666667,0.0,0.0,36.666667,1.0,0.6667,False,False,0.4,False,0.0,False,0.2,FMeasure
1.0,1.0,0.0,5.0,1.0,0.0,5.0,1.0,1.0,2.0,1.0,0.0,0.0,0.0,1.0,0.0,0.0,0.0,1.0,1.0,False,False,0.0,False,0.0,False,0.0,FMeasure
4.0,1.0,0.0,6.0,14.0,0.0,3.0,3.0,4.0,0.333333,74.0,1.0,0.0,0.0,0.5,0.0,0.0,17.0,7.0,2.25,False,False,0.0,False,0.0,False,0.0,FMeasure
3.0,3.0,0.0,7.0,18.0,0.0,1.0,6.0,3.0,0.833333,87.0,0.666667,2.0,0.875,0.466667,0.0,0.0,27.0,1.0,0.6667,False,False,0.0,False,0.0,False,0.0,FMeasure
30.0,3.0,1.0,26.0,132.0,369.0,1.0,25.0,13.0,0.7241380000000001,1096.0,1.0,0.0,0.804054,0.171111,1.0,2.0,35.43333300000001,18.0,2.6333,False,False,0.3,True,0.7,True,0.8,Accuracy
3.0,3.0,0.0,7.0,12.0,0.0,1.0,6.0,3.0,0.833333,64.0,0.666667,1.0,0.875,0.444444,0.0,0.0,19.333333,1.0,0.6667,False,False,0.0,False,0.0,False,0.0,FMeasure
6.0,1.0,0.0,11.0,13.0,0.0,10.0,2.0,6.0,0.4,44.0,1.0,1.0,0.0,0.444444,0.0,0.0,6.0,1.0,0.8333,False,False,0.0,False,0.0,False,0.1,FMeasure
1.0,1.0,0.0,6.0,1.0,0.0,4.0,2.0,1.0,2.0,1.0,0.0,0.0,0.0,1.0,0.0,0.0,0.0,1.0,1.0,False,False,0.0,False,0.0,False,0.0,FMeasure
13.0,3.0,0.0,8.0,32.0,4.0,0.0,0.0,13.0,0.666667,134.0,1.0,0.0,0.755102,0.192308,2.0,2.0,9.076923,1.0,0.9231,False,False,0.1,False,0.1,False,0.1,FMeasure
13.0,1.0,0.0,13.0,14.0,78.0,11.0,2.0,12.0,1.055556,24.0,0.0,1.0,0.0,0.533333,0.0,0.0,0.6153850000000001,1.0,0.9231,False,False,0.0,False,0.1,False,0.2,FMeasure
3.0,1.0,0.0,10.0,3.0,3.0,7.0,3.0,3.0,2.0,3.0,0.0,0.0,0.0,1.0,0.0,0.0,0.0,1.0,1.0,False,False,0.0,False,0.0,False,0.0,FMeasure
1.0,2.0,0.0,14.0,2.0,0.0,13.0,1.0,1.0,2.0,4.0,0.0,0.0,1.0,1.0,0.0,0.0,3.0,0.0,0.0,False,False,0.0,False,0.05,False,0.0,FMeasure
2.0,1.0,0.0,6.0,2.0,1.0,4.0,2.0,2.0,2.0,2.0,0.0,0.0,0.0,1.0,0.0,0.0,0.0,1.0,1.0,False,False,0.0,False,0.0,False,0.0,FMeasure
48.0,1.0,0.0,16.0,109.0,118.0,3.0,15.0,39.0,0.795745,719.0,1.0,5.0,0.0,0.147569,0.0,0.0,13.770832999999998,6.0,1.625,True,True,0.6,False,0.4,True,0.7,FMeasure
2.0,1.0,0.0,16.0,2.0,1.0,14.0,2.0,2.0,2.0,2.0,0.0,0.0,0.0,0.75,0.0,0.0,0.0,1.0,1.0,False,False,0.0,False,0.0,False,0.0,FMeasure
7.0,4.0,0.0,7.0,27.0,0.0,0.0,0.0,7.0,0.611111,147.0,1.0,0.0,0.917808,0.357143,0.0,0.0,19.571429,1.0,0.8571,False,False,0.4,False,0.1,False,0.1,FMeasure
13.0,1.0,0.0,22.0,30.0,0.0,15.0,8.0,11.0,0.416667,267.0,0.333333,0.0,0.0,0.285714,0.0,0.0,19.307692000000007,7.0,2.3077,False,False,0.2,False,0.0,False,0.0,FMeasure
4.0,2.0,2.0,7.0,17.0,4.0,2.0,5.0,1.0,0.666667,60.0,1.0,0.0,0.4,0.666667,0.0,0.0,13.75,2.0,1.25,False,False,0.0,False,0.0,False,0.0,FMeasure
10.0,1.0,0.0,11.0,39.0,39.0,11.0,0.0,7.0,0.666667,1308.0,1.0,0.0,0.0,0.174603,0.0,0.0,129.7,7.0,2.8,False,False,0.4,True,0.6,False,0.4,FMeasure
7.0,1.0,0.0,3.0,8.0,15.0,3.0,0.0,6.0,0.5,51.0,1.0,0.0,0.0,0.535714,0.0,0.0,5.857143,1.0,0.5714,False,False,0.0,False,0.0,False,0.1,FMeasure
12.0,4.0,0.0,8.0,24.0,30.0,0.0,0.0,12.0,0.8,124.0,1.0,0.0,0.858974,0.708333,0.0,0.0,8.916667,1.0,0.9167,True,False,0.5,False,0.3,False,0.3,FMeasure
2.0,1.0,0.0,5.0,2.0,1.0,3.0,2.0,2.0,2.0,2.0,0.0,0.0,0.0,1.0,0.0,0.0,0.0,1.0,1.0,False,False,0.0,False,0.0,False,0.0,FMeasure
2.0,1.0,1.0,6.0,4.0,1.0,3.0,3.0,2.0,2.0,8.0,0.0,0.0,0.0,0.625,0.0,0.0,3.0,1.0,0.5,False,False,0.0,False,0.0,False,0.0,FMeasure
5.0,2.0,0.0,4.0,21.0,0.0,0.0,4.0,4.0,0.166667,144.0,1.0,0.0,0.666667,0.533333,1.0,1.0,27.2,5.0,2.4,False,False,0.1,False,0.0,False,0.0,FMeasure
4.0,1.0,0.0,4.0,7.0,0.0,1.0,3.0,4.0,0.333333,31.0,1.0,2.0,0.0,0.4375,0.0,0.0,6.25,2.0,1.0,False,False,0.0,False,0.0,False,0.1,FMeasure
4.0,1.0,0.0,22.0,12.0,6.0,22.0,0.0,3.0,2.0,72.0,0.0,0.0,0.0,0.375,0.0,0.0,17.0,2.0,1.5,False,False,0.0,False,0.0,False,0.1,FMeasure
1.0,1.0,0.0,7.0,1.0,0.0,5.0,2.0,1.0,2.0,1.0,0.0,0.0,0.0,1.0,0.0,0.0,0.0,1.0,1.0,False,False,0.0,False,0.0,False,0.0,FMeasure
2.0,3.0,0.0,5.0,7.0,1.0,1.0,4.0,2.0,2.0,18.0,0.0,0.0,0.9375,0.625,0.0,0.0,8.0,1.0,0.5,False,False,0.0,False,0.0,False,0.0,FMeasure
3.0,2.0,0.0,3.0,6.0,3.0,1.0,2.0,3.0,2.0,15.0,0.0,0.0,0.8,0.833333,2.0,2.0,4.0,1.0,0.6667,False,False,0.0,False,0.0,False,0.0,FMeasure
29.0,3.0,0.0,21.0,97.0,316.0,4.0,0.0,20.0,0.8535709999999999,677.0,0.9,1.0,0.517241,0.206897,2.0,2.0,22.0,8.0,1.931,False,True,0.8,False,0.5,False,0.4,FMeasure
5.0,1.0,0.0,7.0,23.0,0.0,5.0,2.0,5.0,0.583333,105.0,1.0,1.0,0.0,0.533333,0.0,0.0,19.4,3.0,1.2,False,False,0.0,False,0.0,False,0.0,FMeasure
33.0,2.0,0.0,33.0,45.0,390.0,26.0,7.0,32.0,0.929688,350.0,0.8125,1.0,0.0625,0.163194,0.0,0.0,9.121212,4.0,1.0303,False,False,0.4,False,0.4,False,0.0,FMeasure
3.0,2.0,0.0,4.0,23.0,3.0,1.0,3.0,0.0,1.0,95.0,0.0,1.0,0.933333,1.0,2.0,2.0,30.333333000000003,3.0,1.0,False,False,0.0,False,0.0,False,0.0,FMeasure
3.0,2.0,3.0,6.0,11.0,1.0,3.0,3.0,2.0,0.5,33.0,1.0,1.0,0.857143,0.666667,0.0,0.0,9.666667,1.0,0.6667,False,False,0.0,False,0.0,False,0.0,FMeasure
1.0,3.0,0.0,5.0,2.0,0.0,1.0,4.0,1.0,2.0,9.0,0.0,0.0,1.0,1.0,0.0,0.0,7.0,0.0,0.0,False,False,0.0,False,0.0,False,0.0,FMeasure
6.0,1.0,0.0,5.0,22.0,0.0,3.0,3.0,4.0,0.6,84.0,1.0,2.0,0.0,0.444444,0.0,0.0,12.5,2.0,1.0,True,False,0.2,False,0.1,False,0.2,FMeasure
8.0,1.0,0.0,16.0,8.0,28.0,10.0,6.0,8.0,2.0,8.0,0.0,0.0,0.0,0.34375,0.0,0.0,0.0,1.0,1.0,False,False,0.1,False,0.5,True,0.6833333333333333,FMeasure
15.0,1.0,0.0,19.0,66.0,39.0,2.0,18.0,6.0,0.8273809999999999,451.0,1.0,3.0,0.0,0.209524,0.0,0.0,28.266667,6.0,1.9333,False,False,0.5,False,0.4,True,1.0,FMeasure
5.0,2.0,3.0,5.0,9.0,0.0,3.0,2.0,5.0,0.25,34.0,1.0,0.0,0.571429,0.533333,1.0,1.0,5.6,1.0,0.6,False,False,0.0,False,0.0,False,0.1,FMeasure
17.0,3.0,0.0,15.0,78.0,84.0,0.0,0.0,15.0,0.851563,413.0,1.0,0.0,0.698113,0.254902,1.0,1.0,22.823529,6.0,1.2353,False,False,0.4,False,0.5,False,0.3,FMeasure
4.0,1.0,0.0,2.0,6.0,0.0,1.0,1.0,4.0,0.333333,35.0,1.0,2.0,0.0,0.5,0.0,0.0,7.25,3.0,1.25,False,False,0.1,False,0.0,False,0.0,FMeasure
6.0,4.0,0.0,6.0,19.0,3.0,0.0,0.0,6.0,0.8,94.0,0.5,0.0,0.930556,0.444444,1.0,1.0,14.0,1.0,0.8333,False,False,0.0,False,0.0,False,0.1,FMeasure
2.0,3.0,0.0,4.0,14.0,0.0,1.0,3.0,2.0,1.0,54.0,0.5,1.0,0.928571,0.625,0.0,0.0,25.0,1.0,0.5,False,False,0.0,False,0.0,False,0.0,FMeasure
2.0,2.0,0.0,5.0,4.0,1.0,2.0,3.0,1.0,2.0,8.0,0.0,0.0,0.666667,0.75,1.0,1.0,3.0,1.0,0.5,False,False,0.0,False,0.0,False,0.0,FMeasure
7.0,4.0,0.0,2.0,20.0,21.0,1.0,1.0,7.0,2.0,67.0,0.0,0.0,0.910448,0.571429,2.0,2.0,8.571429,2.0,1.0,False,False,0.0,False,0.1,False,0.1,FMeasure
2.0,1.0,0.0,3.0,6.0,0.0,1.0,2.0,2.0,0.0,26.0,1.0,0.0,0.0,0.666667,0.0,0.0,11.5,2.0,1.0,False,False,0.0,False,0.0,False,0.0,FMeasure
1.0,1.0,0.0,6.0,1.0,0.0,4.0,2.0,1.0,2.0,1.0,0.0,0.0,0.0,1.0,0.0,0.0,0.0,1.0,1.0,False,False,0.0,False,0.0,False,0.0,FMeasure
8.0,5.0,0.0,11.0,32.0,18.0,0.0,0.0,7.0,0.666667,149.0,1.0,0.0,0.936937,0.5,1.0,2.0,17.25,2.0,1.0,False,False,0.0,False,0.0,False,0.1,FMeasure
2.0,4.0,0.0,5.0,4.0,0.0,3.0,2.0,2.0,0.0,14.0,1.0,1.0,0.944444,0.75,0.0,0.0,5.5,1.0,0.5,False,False,0.0,False,0.0,False,0.0,FMeasure
5.0,2.0,0.0,17.0,6.0,6.0,15.0,2.0,5.0,0.75,25.0,1.0,0.0,0.818182,0.4,0.0,0.0,3.6,1.0,0.8,False,False,0.0,False,0.2,False,0.0,FMeasure
3.0,2.0,0.0,6.0,5.0,3.0,3.0,3.0,1.0,1.0,18.0,0.0,1.0,0.8,0.75,1.0,1.0,4.666667,1.0,0.3333,False,False,0.0,False,0.0,False,0.0,FMeasure
5.0,1.0,0.0,13.0,31.0,8.0,2.0,11.0,4.0,0.625,140.0,0.5,1.0,0.0,0.342857,0.0,0.0,26.6,1.0,0.8,False,False,0.3,False,0.0,False,0.0,FMeasure
15.0,3.0,0.0,17.0,69.0,105.0,3.0,0.0,7.0,1.0714290000000002,583.0,1.0,0.0,0.735849,0.275,1.0,2.0,37.8,1.0,0.9333,False,False,0.3,False,0.4,False,0.1,FMeasure
9.0,1.0,0.0,22.0,117.0,36.0,1.0,21.0,3.0,1.125,1209.0,0.0,0.0,0.0,0.47619,0.0,0.0,133.222222,16.0,4.6667,False,False,0.3,False,0.2,False,0.3,FMeasure
77.0,1.0,0.0,50.0,243.0,2706.0,4.0,49.0,49.0,0.947917,2480.0,1.0,4.0,0.0,0.087551,0.0,0.0,30.896104,11.0,1.9481,True,True,0.7,True,0.9,True,1.0,FMeasure
13.0,1.0,0.0,29.0,148.0,78.0,0.0,0.0,1.0,0.972222,1407.0,0.333333,0.0,0.0,0.192308,0.0,0.0,107.0,8.0,2.3077,True,False,0.3,False,0.3,False,0.5,FMeasure
11.0,1.0,0.0,12.0,52.0,37.0,4.0,0.0,5.0,0.7,360.0,1.0,1.0,0.0,0.383333,0.0,0.0,31.363636,8.0,1.8182,True,True,0.8,True,0.6,True,0.7,FMeasure
1.0,1.0,0.0,9.0,1.0,0.0,8.0,1.0,1.0,2.0,1.0,0.0,0.0,0.0,1.0,0.0,0.0,0.0,1.0,1.0,False,False,0.0,False,0.0,False,0.0,FMeasure
99.0,1.0,0.0,65.0,293.0,3615.0,31.0,42.0,73.0,0.876984,2894.0,1.0,9.0,0.0,0.090506,1.0,1.0,28.050505,21.0,2.202,True,True,0.8,True,0.8,True,0.9,FMeasure
2.0,1.0,0.0,19.0,2.0,1.0,19.0,0.0,2.0,2.0,2.0,0.0,0.0,0.0,1.0,0.0,0.0,0.0,1.0,1.0,False,False,0.0,False,0.0,False,0.0,FMeasure
6.0,2.0,2.0,2.0,19.0,0.0,2.0,0.0,4.0,0.3,86.0,1.0,0.0,0.772727,0.366667,0.0,0.0,13.0,3.0,1.1667,False,False,0.2,False,0.0,False,0.1,FMeasure
10.0,2.0,3.0,5.0,21.0,0.0,4.0,1.0,9.0,0.0,84.0,1.0,1.0,0.968254,0.5,0.0,0.0,7.3,1.0,0.2,False,False,0.1,False,0.0,False,0.0,FMeasure
13.0,2.0,0.0,11.0,50.0,46.0,0.0,0.0,10.0,0.783333,267.0,1.0,0.0,0.428571,0.323077,0.0,0.0,19.153846,8.0,1.5385,False,False,0.4,False,0.0,False,0.1,FMeasure
3.0,1.0,0.0,20.0,3.0,3.0,19.0,2.0,3.0,2.0,3.0,0.0,0.0,0.0,0.583333,0.0,0.0,0.0,1.0,1.0,False,False,0.0,False,0.0,False,0.0,FMeasure
2.0,2.0,0.0,8.0,3.0,0.0,5.0,3.0,2.0,0.0,14.0,1.0,1.0,0.8,0.625,0.0,0.0,5.5,1.0,0.5,False,False,0.0,False,0.0,False,0.0,FMeasure
19.0,6.0,0.0,10.0,62.0,119.0,1.0,0.0,17.0,0.931624,309.0,1.0,0.0,0.904255,0.28947399999999995,3.0,4.0,14.578947,8.0,1.6316,False,False,0.3,False,0.0,False,0.3,FMeasure
3.0,2.0,2.0,5.0,10.0,0.0,2.0,3.0,2.0,0.5,39.0,1.0,2.0,0.857143,0.466667,0.0,0.0,11.333333,1.0,0.6667,False,False,0.0,False,0.0,False,0.0,FMeasure
29.0,1.0,0.0,39.0,116.0,90.0,1.0,38.0,22.0,0.915584,1109.0,0.818182,5.0,0.0,0.149351,0.0,0.0,36.862069,14.0,2.069,True,True,0.8,True,0.8,True,0.8,FMeasure
14.0,1.0,0.0,12.0,41.0,35.0,5.0,7.0,11.0,0.153846,230.0,1.0,0.0,0.0,0.27678600000000003,0.0,0.0,15.357143,3.0,1.1429,False,False,0.1,False,0.0,False,0.0,FMeasure
3.0,2.0,2.0,6.0,14.0,0.0,2.0,4.0,2.0,0.5,70.0,1.0,2.0,0.857143,0.466667,0.0,0.0,21.666667,1.0,0.6667,False,False,0.0,False,0.0,False,0.0,FMeasure
14.0,2.0,0.0,10.0,23.0,53.0,5.0,5.0,14.0,0.701923,164.0,1.0,1.0,0.421053,0.285714,1.0,9.0,10.142857,1.0,0.7857,False,False,0.2,False,0.0,False,0.3,FMeasure
4.0,1.0,3.0,7.0,5.0,0.0,7.0,0.0,4.0,1.0,32.0,0.25,0.0,0.0,0.5,0.0,0.0,6.0,1.0,0.5,False,False,0.08333333333333333,False,0.2,False,0.1,FMeasure
4.0,3.0,0.0,2.0,8.0,6.0,2.0,0.0,4.0,1.333333,21.0,1.0,0.0,1.0,0.666667,0.0,0.0,4.0,0.0,0.0,False,False,0.05,False,0.3,False,0.0,FMeasure
3.0,2.0,0.0,3.0,5.0,3.0,1.0,2.0,3.0,2.0,12.0,0.0,0.0,0.666667,0.777778,0.0,0.0,3.0,1.0,0.6667,False,False,0.0,False,0.0,False,0.0,FMeasure
3.0,1.0,0.0,5.0,3.0,3.0,4.0,1.0,3.0,2.0,3.0,0.0,0.0,0.0,0.777778,0.0,0.0,0.0,1.0,1.0,False,False,0.0,False,0.0,False,0.0,FMeasure
2.0,2.0,0.0,4.0,4.0,1.0,2.0,2.0,2.0,2.0,10.0,0.0,0.0,0.857143,0.666667,0.0,0.0,4.0,1.0,0.5,False,False,0.0,False,0.0,False,0.0,FMeasure
3.0,1.0,0.0,11.0,22.0,3.0,0.0,11.0,3.0,2.0,101.0,0.0,0.0,0.0,0.416667,0.0,0.0,32.666667,2.0,1.3333,False,False,0.0,False,0.0,False,0.0,FMeasure
3.0,1.0,0.0,11.0,38.0,1.0,1.0,10.0,3.0,0.0,215.0,1.0,0.0,0.0,0.416667,0.0,0.0,70.333333,4.0,1.6667,False,False,0.4,False,0.0,False,0.0,FMeasure
4.0,1.0,0.0,2.0,8.0,4.0,0.0,2.0,4.0,0.666667,24.0,1.0,1.0,0.0,0.5,0.0,0.0,4.75,1.0,0.75,False,False,0.0,False,0.0,False,0.0,FMeasure
33.0,1.0,0.0,54.0,277.0,194.0,9.0,48.0,20.0,0.75625,2591.0,1.0,4.0,0.0,0.109557,0.0,0.0,77.363636,19.0,4.0,True,True,0.9,True,0.9,True,0.8,FMeasure
2.0,3.0,0.0,3.0,5.0,0.0,1.0,2.0,1.0,0.0,15.0,1.0,0.0,1.0,1.0,0.0,0.0,6.0,0.0,0.0,False,False,0.0,False,0.0,False,0.0,FMeasure
1.0,1.0,0.0,5.0,1.0,0.0,4.0,1.0,1.0,2.0,1.0,0.0,0.0,0.0,1.0,0.0,0.0,0.0,1.0,1.0,False,False,0.0,False,0.0,False,0.0,FMeasure
22.0,2.0,0.0,20.0,143.0,0.0,2.0,20.0,5.0,0.761905,1648.0,1.0,2.0,0.447368,0.331169,1.0,2.0,73.363636,16.0,2.8636,True,False,0.4,True,0.8,True,0.7,FMeasure
5.0,3.0,0.0,3.0,15.0,10.0,1.0,2.0,4.0,2.0,50.0,0.0,0.0,0.785714,0.5,0.0,0.0,9.0,1.0,0.6,False,False,0.1,False,0.0,False,0.0,FMeasure
3.0,1.0,0.0,9.0,3.0,3.0,4.0,5.0,3.0,2.0,3.0,0.0,0.0,0.0,0.6190479999999999,0.0,0.0,0.0,1.0,1.0,False,False,0.1,False,0.0,False,0.0,FMeasure
4.0,1.0,2.0,10.0,10.0,6.0,2.0,8.0,4.0,2.0,27.0,0.0,0.0,0.0,0.375,0.0,0.0,5.75,1.0,0.75,False,False,0.4,False,0.2,False,0.0,FMeasure
13.0,1.0,0.0,19.0,77.0,0.0,4.0,15.0,12.0,0.25,1090.0,1.0,1.0,0.0,0.253846,0.0,0.0,82.769231,14.0,2.8462,False,False,0.3,False,0.3,False,0.2,FMeasure
5.0,1.0,0.0,16.0,65.0,10.0,1.0,16.0,4.0,2.0,598.0,0.0,0.0,0.0,0.3,0.0,0.0,118.6,2.0,1.0,False,False,0.3,False,0.0,False,0.5,FMeasure
10.0,2.0,1.0,6.0,30.0,27.0,3.0,4.0,0.0,0.733333,290.0,1.0,1.0,0.363636,0.36,0.0,0.0,27.5,4.0,1.4,False,False,0.0,False,0.3,False,0.4,FMeasure
12.0,1.0,0.0,3.0,21.0,0.0,1.0,0.0,11.0,0.30303,222.0,1.0,1.0,0.0,0.31666700000000003,0.0,0.0,17.0,2.0,1.0,False,False,0.0,False,0.0,False,0.0,FMeasure
11.0,1.0,0.0,11.0,44.0,49.0,8.0,3.0,8.0,0.95,279.0,0.5,0.0,0.0,0.233333,0.0,0.0,23.636364,8.0,1.5455,True,True,0.7,False,0.3,False,0.5,Accuracy
13.0,4.0,0.0,4.0,35.0,68.0,0.0,0.0,12.0,0.833333,194.0,1.0,0.0,0.848101,0.487179,0.0,0.0,13.538462,3.0,1.0769,False,True,0.7,False,0.5,False,0.1,FMeasure
4.0,1.0,0.0,24.0,104.0,0.0,2.0,22.0,3.0,0.333333,763.0,1.0,2.0,0.0,0.375,0.0,0.0,189.25,1.0,0.75,False,False,0.4,False,0.0,False,0.1,FMeasure
2.0,1.0,0.0,2.0,8.0,1.0,2.0,0.0,1.0,2.0,49.0,0.0,0.0,0.0,0.5,0.0,0.0,23.5,4.0,2.0,False,False,0.0,False,0.1,False,0.0,FMeasure
11.0,1.0,0.0,7.0,20.0,37.0,7.0,0.0,10.0,0.625,132.0,1.0,0.0,0.0,0.393939,1.0,1.0,10.636364,3.0,1.4545,False,False,0.1,False,0.1,True,0.6,FMeasure
10.0,1.0,0.0,2.0,16.0,23.0,1.0,0.0,9.0,0.5,88.0,1.0,1.0,0.0,0.433333,0.0,0.0,7.2,2.0,1.0,False,False,0.0,False,0.0,False,0.0,FMeasure
37.0,4.0,0.0,16.0,108.0,516.0,0.0,0.0,29.0,0.916667,1130.0,0.928571,0.0,0.6504850000000001,0.169533,2.0,3.0,29.162162,5.0,1.6486,False,True,0.6,True,0.6,True,0.9,FMeasure
9.0,2.0,2.0,7.0,28.0,10.0,2.0,5.0,8.0,0.583333,124.0,1.0,2.0,0.466667,0.259259,1.0,1.0,12.444444,2.0,1.0,False,False,0.1,False,0.3,False,0.0,FMeasure
21.0,2.0,0.0,30.0,108.0,190.0,1.0,0.0,7.0,0.7944439999999999,766.0,0.8888889999999999,1.0,0.366667,0.29285700000000003,1.0,3.0,35.047619,10.0,1.9524,False,False,0.4,True,0.6,True,0.8,Accuracy
74.0,1.0,0.0,84.0,163.0,2213.0,44.0,46.0,70.0,0.901947,1119.0,0.8947370000000001,12.0,0.0,0.055223,0.0,0.0,13.864865,11.0,1.2297,False,True,0.6,True,0.6,False,0.5,GMean
7.0,2.0,0.0,12.0,24.0,0.0,2.0,0.0,6.0,0.541667,122.0,1.0,0.0,0.76,0.333333,1.0,8.0,15.857143,3.0,1.1429,False,False,0.0,False,0.1,False,0.0,FMeasure
19.0,1.0,1.0,32.0,29.0,107.0,29.0,3.0,19.0,0.895833,186.0,0.875,3.0,0.0,0.195489,0.0,0.0,8.368421000000001,5.0,1.2105,True,False,0.2,False,0.4,False,0.4,FMeasure
2.0,1.0,0.0,12.0,2.0,1.0,11.0,1.0,2.0,2.0,2.0,0.0,0.0,0.0,0.75,0.0,0.0,0.0,1.0,1.0,False,False,0.0,False,0.0,False,0.0,FMeasure
29.0,1.0,0.0,24.0,91.0,312.0,10.0,16.0,27.0,0.8214290000000001,699.0,1.0,3.0,0.0,0.116711,0.0,0.0,22.758621,6.0,1.8276,False,True,0.7,False,0.5,True,0.6,FMeasure
65.0,1.0,3.0,41.0,131.0,2010.0,5.0,37.0,39.0,0.911058,810.0,1.0,5.0,0.0,0.077592,0.0,0.0,11.261538,5.0,1.4,True,False,0.4,True,0.6,True,0.7,FMeasure
6.0,2.0,0.0,5.0,15.0,15.0,1.0,4.0,6.0,2.0,53.0,0.0,0.0,0.6153850000000001,0.541667,2.0,2.0,7.833333,2.0,1.3333,False,False,0.0,False,0.0,False,0.2,FMeasure
4.0,1.0,0.0,5.0,9.0,0.0,4.0,1.0,4.0,0.333333,34.0,1.0,1.0,0.0,0.5,0.0,0.0,7.0,1.0,0.75,False,False,0.1,False,0.0,False,0.0,FMeasure
3.0,2.0,0.0,10.0,5.0,3.0,7.0,3.0,1.0,1.0,18.0,0.0,1.0,0.8,0.75,1.0,1.0,4.666667,1.0,0.3333,False,False,0.0,False,0.0,False,0.0,FMeasure
21.0,3.0,0.0,4.0,54.0,0.0,0.0,0.0,19.0,0.858333,233.0,0.5,1.0,0.660714,0.375,1.0,1.0,9.809524,2.0,1.0,False,False,0.0,False,0.1,False,0.2,FMeasure
1.0,1.0,0.0,10.0,1.0,0.0,8.0,2.0,1.0,2.0,1.0,0.0,0.0,0.0,1.0,0.0,0.0,0.0,1.0,1.0,False,False,0.0,False,0.0,False,0.0,FMeasure
55.0,1.0,0.0,31.0,123.0,1255.0,17.0,15.0,41.0,0.8703700000000001,1167.0,1.0,6.0,0.0,0.108932,0.0,0.0,19.945455,9.0,1.7091,True,True,0.9,True,0.9,True,0.9,FMeasure
7.0,1.0,5.0,9.0,8.0,13.0,5.0,4.0,7.0,0.75,30.0,1.0,1.0,0.0,0.314286,0.0,0.0,3.0,1.0,0.8571,False,False,0.4,False,0.0,False,0.1,FMeasure
3.0,1.0,0.0,15.0,3.0,3.0,14.0,1.0,3.0,2.0,3.0,0.0,0.0,0.0,0.666667,0.0,0.0,0.0,1.0,1.0,False,False,0.0,False,0.0,False,0.0,FMeasure
8.0,1.0,0.0,18.0,17.0,20.0,17.0,1.0,8.0,0.464286,141.0,1.0,1.0,0.0,0.34375,1.0,1.0,16.125,6.0,1.625,False,False,0.1,False,0.0,False,0.1,FMeasure
10.0,1.0,0.0,15.0,10.0,45.0,12.0,3.0,10.0,2.0,10.0,0.0,0.0,0.0,0.366667,0.0,0.0,0.0,1.0,1.0,False,False,0.0,False,0.1,False,0.4,FMeasure
45.0,4.0,0.0,13.0,113.0,814.0,1.0,0.0,45.0,0.943723,636.0,1.0,0.0,0.603604,0.306667,3.0,5.0,12.666667,2.0,1.0,False,False,0.4,False,0.1,False,0.4,FMeasure
7.0,1.0,0.0,10.0,44.0,19.0,4.0,7.0,4.0,0.916667,348.0,0.5,0.0,0.0,0.354167,0.0,0.0,48.42857100000001,1.0,0.7143,True,True,0.6,False,0.3,False,0.5,Accuracy
28.703313,2.222319,0.0,21.458124,96.925532,382.400491,21.850971,3.121494,27.643802,0.954758,832.775787,0.288827,0.369003,0.5734560000000001,0.273764,1.166708,0.169193,24.385185,9.896577,1.202669,True,True,0.8,False,0.5,True,0.8,FMeasure
24.610456,2.01005,0.0,51.794048,67.852136,218.139509,67.494998,2.1144990000000004,19.590173,0.853453,655.401192,0.752671,0.838957,0.36124,0.334179,0.026166,0.7545729999999999,26.258229,9.870408,1.891373,True,True,0.7,False,0.5,False,0.5,Accuracy
26.562337,2.838249,0.0,17.210254,72.771198,118.665667,3.344994,9.622148,18.0,0.904921,712.556728,0.990622,0.0,0.60113,0.278252,0.0,0.0,24.855248,12.183308,2.028684,True,True,0.7,True,0.6,False,0.5,FMeasure
13.261421,1.0,0.0,8.690595,47.489525,64.56096,3.175632,1.475665,4.398013,0.770699,336.902193,1.0,1.0,0.0,0.359733,0.0,0.0,25.813358,5.026281,1.729944,True,False,0.1,True,0.8,False,0.5,FMeasure
29.71547,4.47882,0.0,31.555581,119.779513,502.985371,1.4034209999999998,37.367122,22.981226,0.8924860000000001,1113.0912449999996,0.706955,0.31724600000000003,0.33763200000000004,0.128422,1.896834,13.338142,31.285954,12.211912,2.391425,True,True,0.9,True,0.6,False,0.5,FMeasure
41.985632,1.0,0.0,27.326505,108.382213,89.867458,3.576767,23.738685,12.76656,0.799467,745.7283160000003,1.0,3.373101,0.0,0.163745,0.0,0.0,73.421177,5.998367,1.507738,True,False,0.4,True,0.9,False,0.5,FMeasure
29.471921,4.0,0.0,17.9948,81.729376,228.398256,0.85405,0.0,25.835933,0.8590059999999999,692.401205,0.950991,0.423288,0.672921,0.317049,0.351412,1.690291,25.050353,9.97749,1.592215,True,True,0.6,True,0.9,False,0.3,FMeasure
69.911875,4.873021,0.0,27.671619,145.87189899999996,684.552228,10.836417,26.981415,64.43373100000001,0.881547,1321.84068,0.737797,2.2979830000000003,0.091002,0.10762,0.120275,5.699367,25.46841,7.279329,1.87902,True,True,0.8,True,0.9,True,0.7,FMeasure
7.358328,1.924592,0.0,6.975894,25.593635,33.728214,7.794784,8.503150999999999,4.7321019999999985,0.6176010000000001,142.877325,0.5139630000000001,1.771693,0.13353199999999998,0.440466,0.219675,0.682975,14.0197,1.65675,0.922208,True,False,0.1,False,0.0,False,0.1,FMeasure
17.288918,2.3321,0.0,8.398594000000001,48.077473,89.63362099999998,0.484552,1.229914,9.107266,0.794431,361.643,1.0,0.303367,0.7730670000000001,0.265854,0.733583,1.541657,22.976234,5.0,1.524765,True,False,0.1,False,0.4,False,0.0,FMeasure
5.3094519999999985,1.900679,0.0,10.832349,45.24978400000001,18.087181,3.990746,0.142966,5.0,0.686068,330.27308,1.0,1.902565,0.6621859999999999,0.5144810000000001,0.662065,0.166202,48.51457,5.779899,1.296003,True,False,0.5,False,0.5,True,0.7,GMean
9.818571,1.0,0.0,5.9580199999999985,43.513928,39.906487,3.347443,1.889199,6.830454,0.81371,287.186553,0.842041,0.0,0.0,0.301007,0.0,0.0,29.781847,5.26126,1.455701,True,False,0.1,True,0.7,False,0.5,FMeasure
8.241196,1.366166,0.0,13.3674,61.72541500000001,18.058457,1.195444,6.859891,5.370299,1.094627,493.742881,1.0,0.429911,0.024371,0.28436100000000003,0.097373,0.6793710000000001,56.223679,3.861467,1.225003,True,True,0.6,True,0.6,True,0.6,FMeasure
56.944852,1.253077,0.363674,32.536535,230.830835,1265.03912,15.369016,45.622413,38.672809,0.929827,1664.091025,0.939248,5.405349,0.289677,0.113346,0.978833,1.285344,42.152179,9.0,1.915133,True,True,0.9,True,0.8,True,1.0,FMeasure
7.800510000000001,1.0,0.0,22.177464,7.321989999999999,9.424372,10.148705,13.187138,5.145226,0.88265,8.398197,0.054197,0.0,0.0,0.329398,0.0,0.0,1.5220129999999998,1.0,0.8850290000000001,True,False,0.4,False,0.3,False,0.0,FMeasure
47.262455,1.761887,0.0,18.594561,104.328742,223.158839,2.786477,15.678118,35.581609,0.777612,731.180439,1.0,2.159824,0.605306,0.14613800000000002,0.482294,1.7824099999999998,14.633760999999998,5.3803519999999985,1.735554,True,False,0.3,False,0.4,True,0.7,GMean
36.850427,1.619533,0.804784,27.403348,92.51983,509.226772,10.82456,1.875287,27.469569,0.899374,852.957458,0.402372,0.172992,0.396709,0.226073,0.771781,0.759422,26.314753000000003,19.528593,2.222649,True,True,0.8,True,0.8,True,0.6,FMeasure
11.0,1.0,0.0,25.521134,18.178548000000006,34.839828000000004,12.17548,4.225228,10.065504,1.746849,26.893535,0.922308,0.0,0.0,0.396682,0.0,0.0,3.420846,1.465612,1.121602,True,False,0.0,False,0.1,False,0.15,FMeasure
11.979167,2.302388,0.0,10.587097,24.0,29.054635,8.015136,3.871748,10.749279,0.64659,119.418499,1.0,0.0,0.807038,0.616609,0.0,0.0,8.852185,1.356407,0.974926,True,False,0.4,False,0.2,False,0.1,FMeasure
7.285373,1.0,0.0,18.338363,21.521899,19.113824,8.595288,3.332088,5.29213,0.92366,15.529796,0.420145,1.752916,0.0,0.356238,0.0,0.0,2.967727,1.362094,1.0,True,False,0.1,False,0.0,False,0.1,FMeasure
8.542774,1.91159,0.0,10.814109,61.252472,11.075641,1.480766,0.459997,5.109374,0.820226,495.32602,1.0,0.987552,0.035802999999999995,0.242637,0.391499,1.535292,60.32607700000001,3.192728,1.588386,True,False,0.5,False,0.5,True,0.6,GMean
16.152646,1.163075,0.0,10.026262,61.91615600000001,75.549387,2.6968080000000003,7.536494999999999,11.807511,1.015987,641.342816,0.968335,0.0,0.03952,0.238432,0.899597,1.850479,44.869682,4.298357,2.500393,True,True,0.6,False,0.2,False,0.5,Accuracy
6.885475,1.0,0.0,23.240818,10.099232,11.201563,17.34921,6.003692,6.5266910000000005,2.0,7.814988,0.0,0.0,0.0,0.760757,0.0,0.0,0.0,1.0,1.0,True,False,0.0,False,0.2,False,0.0,FMeasure
11.934153,1.0,0.0,10.40743,58.59540300000001,15.807619,2.558184,2.990109,6.950374000000001,0.644161,407.552602,1.0,1.0,0.0,0.254071,0.0,0.0,32.162333000000004,7.635966000000002,1.996885,True,False,0.4,False,0.5,True,0.9,GMean
18.281379,3.637902,0.320853,23.751951,28.048856,78.264832,20.982545,0.40434,18.884861,0.8574370000000001,184.578317,0.893244,2.561362,0.05754400000000001,0.317573,0.0,0.0,8.474827000000001,3.4880089999999995,1.134185,True,False,0.4,True,0.7,False,0.4,FMeasure
36.970241,1.0,0.0,14.424173,74.155583,118.0,4.363363,10.320808,18.219453,0.801381,719.0,0.971139,2.135151,0.0,0.161922,0.0,0.0,22.645483,6.0,1.993487,True,True,0.6,True,0.9,True,0.6,FMeasure
11.153019,3.541045,0.0,8.181464,24.0,29.218012,6.770832,0.206112,10.530069,0.7244010000000001,114.094907,1.0,0.0,0.518655,0.4245680000000001,0.0,0.0,8.343584,1.598847,1.115913,True,False,0.5,False,0.3,False,0.1,FMeasure
5.605443,1.0,0.0,5.274203,18.554784,4.266692,3.4845839999999995,1.488609,4.0,1.087334,81.090903,0.655987,1.341266,0.0,0.7999149999999999,0.0,0.0,12.388267,1.676046,1.0,True,False,0.0,False,0.1,False,0.0,FMeasure
83.215875,1.0,0.0,58.3351,273.814202,3104.051118,28.164814,47.793011,61.838335,0.901661,2500.293293,1.0,7.633222999999999,0.0,0.090444,0.5825640000000001,0.956155,29.744506,12.101715,2.190799,True,True,1.0,True,0.9,True,0.8,FMeasure
16.578874,1.213767,0.0,23.467774,144.317335,68.83806700000001,1.6684869999999998,1.1971120000000002,4.645246,0.8871209999999999,1428.077726,0.778199,1.689213,0.386274,0.288887,0.8699600000000001,1.271734,100.761177,11.709949,2.34985,True,True,0.7,True,0.6,True,0.9,FMeasure
15.479681,1.0,0.0,11.137883,47.612723,37.982517,2.328943,1.427846,4.301596,0.7070649999999999,350.013834,1.0,1.0,0.0,0.322223,0.0,0.0,25.120528,7.08763,1.809402,True,False,0.3,True,0.7,True,0.6,FMeasure
88.915943,1.847232,0.036824,63.740733,253.610255,2666.59692,16.115458,52.403891,33.161932,0.946693,2809.191783,0.94214,6.925097,0.08031,0.112802,1.833835,3.425815,34.087478000000004,17.324529000000002,2.070411,True,True,0.9,True,0.6,True,1.0,FMeasure
28.084006,1.0,0.0,36.847313,90.291818,343.998958,20.780834,19.462868,22.215111,0.969457,1106.207716,0.622294,1.57804,0.0,0.158423,0.0,0.0,33.601711,16.44329,2.287991,True,False,0.5,True,0.8,True,0.6,FMeasure
32.599903999999995,1.014101,0.0,26.627629,258.79833,30.123909,2.493506,42.402587,15.600145,0.759061,2144.115753,1.0,2.53084,0.302566,0.297957,0.21498,1.282392,74.083403,16.684739,3.169098,True,True,0.8,True,1.0,True,0.9,FMeasure
21.533263,1.088447,0.0,24.698012,147.077545,1.461708,0.613689,7.2045429999999975,1.479565,0.770135,1558.877175,0.537589,1.6678689999999998,0.263567,0.2237,0.8641,1.562067,99.544986,8.672242,2.453014,True,True,0.8,True,0.7,True,0.8,FMeasure
11.035095,1.0,0.0,8.388516000000001,43.156694,63.816,3.996314,3.192605,3.511021,0.889876,283.825978,0.5057590000000001,0.456462,0.0,0.237597,0.0,0.0,16.555826,6.861628,1.57685,True,False,0.3,False,0.3,True,0.6,GMean
14.342173,1.0,0.325652,20.365212,25.920951,93.814813,26.860783,3.7867,18.181811,0.8582709999999999,123.663691,0.926107,1.325122,0.0,0.26271300000000003,0.0,0.0,8.3367,3.754079,1.19023,True,False,0.4,False,0.3,False,0.3,FMeasure
61.51445,2.991869,3.3435330000000003,26.9296,120.147382,1824.191411,4.053674,13.104811,36.28351,0.904064,829.674158,1.0,4.9346190000000005,0.443958,0.187735,0.732749,0.673493,17.177397,16.980486,1.433638,True,True,0.9,True,0.6,True,0.6,FMeasure
46.281174,1.0,0.0,31.278304,116.215803,711.505976,18.680894,8.830027000000003,28.671859,0.907313,1088.333746,0.981055,2.145692,0.0,0.180956,0.0,0.0,21.355674,12.070504,2.597603,True,True,0.8,True,0.7,True,0.8,FMeasure
8.921565,1.0,0.0,10.169648,44.0,26.281587,7.868524000000002,3.22023,4.906789,0.94653,301.564014,0.5,0.0,0.0,0.322931,0.0,0.0,35.604739,4.111885,1.159284,True,False,0.5,True,0.8,True,0.9,FMeasure
